count,can_double,can_split,hand,dealer_upcard,recommendation,state_visits,q_hit,visits_hit,q_stand,visits_stand,q_double,visits_double,q_split,visits_split
<1,False,False,<8,2,S,50,-0.6,5,-0.3333333333333333,42,-100.0,1,-100.0,2
<1,False,False,<8,3,S,55,-34.0,3,-0.74468085106383,47,-100.0,3,-100.0,2
<1,False,False,<8,4,S,57,-0.7142857142857143,7,-0.0697674418604651,43,-100.0,4,-100.0,3
<1,False,False,<8,5,S,56,-8.153846153846153,26,-0.25,24,-100.0,2,-100.0,4
<1,False,False,<8,6,S,56,-0.5,4,-0.18367346938775506,49,-100.0,2,-100.0,1
<1,False,False,<8,7,S,59,-5.238095238095238,21,-0.75,32,-100.0,5,-100.0,1
<1,False,False,<8,8,S,69,-2.880952380952381,42,-0.5454545454545454,22,-100.0,1,-100.0,4
<1,False,False,<8,9,S,63,-7.642857142857142,14,-0.5555555555555554,45,-100.0,2,-100.0,2
<1,False,False,<8,10,S,290,-3.090909090909091,33,-0.506172839506173,243,-100.0,11,-100.0,3
<1,False,False,<8,1,H,46,-0.4166666666666667,36,-0.5,4,-100.0,2,-100.0,4
<1,False,False,8 (other composition),2,S,87,-11.999999999999998,8,-0.4794520547945204,73,-100.0,3,-100.0,3
<1,False,False,8 (other composition),3,S,75,-1.0,2,-0.27536231884057977,69,-100.0,2,-100.0,2
<1,False,False,8 (other composition),4,S,88,-13.533333333333335,15,-0.2647058823529413,68,-100.0,2,-100.0,3
<1,False,False,8 (other composition),5,S,95,-4.800000000000001,20,-0.40277777777777785,72,-100.0,2,-100.0,1
<1,False,False,8 (other composition),6,S,102,-2.6666666666666665,36,-0.22033898305084748,59,-100.0,1,-100.0,6
<1,False,False,8 (other composition),7,S,99,-2.375,48,-0.255813953488372,43,-100.0,4,-100.0,4
<1,False,False,8 (other composition),8,S,91,-1.0,3,-0.3750000000000001,80,-100.0,2,-100.0,6
<1,False,False,8 (other composition),9,S,92,-33.33333333333333,3,-0.5294117647058822,85,-100.0,1,-100.0,3
<1,False,False,8 (other composition),10,S,401,-3.875000000000001,24,-0.5431034482758619,348,-100.0,15,-100.0,14
<1,False,False,8 (other composition),1,S,106,-1.0,4,-0.6842105263157892,95,-100.0,5,-100.0,2
<1,False,False,9,2,S,128,-6.857142857142858,14,-0.17307692307692307,104,-100.0,4,-100.0,6
<1,False,False,9,3,S,150,-2.6279069767441867,43,-0.23711340206185563,97,-100.0,4,-100.0,6
<1,False,False,9,4,S,134,-3.4642857142857144,28,-0.14285714285714285,98,-100.0,3,-100.0,5
<1,False,False,9,5,S,148,-1.0,2,0.014492753623188434,138,-100.0,3,-100.0,5
<1,False,False,9,6,S,164,-3.3000000000000003,30,-0.28,125,-100.0,4,-100.0,5
<1,False,False,9,7,S,159,-4.761904761904762,21,-0.5781249999999999,128,-100.0,4,-100.0,6
<1,False,False,9,8,S,189,-1.0860215053763442,93,-0.32558139534883723,86,-100.0,2,-100.0,8
<1,False,False,9,9,S,188,-6.312499999999999,16,-0.5714285714285714,161,-100.0,3,-100.0,8
<1,False,False,9,10,S,648,-9.545454545454547,11,-0.5510887772194304,597,-100.0,18,-100.0,22
<1,False,False,9,1,S,142,-8.25,12,-0.6319999999999997,125,-100.0,1,-100.0,4
<1,False,False,10,2,S,247,-4.086956521739131,23,-0.2200956937799044,209,-100.0,9,-100.0,6
<1,False,False,10,3,S,204,-1.811320754716981,53,-0.2608695652173913,138,-100.0,9,-100.0,4
<1,False,False,10,4,S,237,-2.5,42,-0.40331491712707196,181,-100.0,11,-100.0,3
<1,False,False,10,5,S,257,-24.749999999999996,4,-0.04201680672268908,238,-100.0,9,-100.0,6
<1,False,False,10,6,S,248,-9.466666666666667,30,-0.0461538461538461,195,-100.0,11,-100.0,12
<1,False,False,10,7,S,312,-0.780952380952381,105,-0.48351648351648346,182,-100.0,13,-100.0,12
<1,False,False,10,8,S,278,-1.9375000000000004,48,-0.4325581395348837,215,-100.0,7,-100.0,8
<1,False,False,10,9,S,263,-16.499999999999996,12,-0.584033613445378,238,-100.0,4,-100.0,9
<1,False,False,10,10,S,1147,-2.6153846153846145,78,-0.5681818181818187,1012,-100.0,28,-100.0,29
<1,False,False,10,1,S,195,-5.157894736842104,38,-0.7605633802816898,142,-100.0,4,-100.0,11
<1,False,False,11,2,S,330,-15.8,25,-0.34827586206896544,290,-100.0,7,-100.0,8
<1,False,False,11,3,S,371,-10.88888888888889,9,-0.2325581395348835,344,-100.0,10,-100.0,8
<1,False,False,11,4,S,325,-2.0999999999999996,40,-0.32363636363636356,275,-100.0,5,-100.0,5
<1,False,False,11,5,S,303,-6.11764705882353,17,-0.11355311355311357,273,-100.0,6,-100.0,7
<1,False,False,11,6,S,337,-17.72727272727273,11,-0.12297734627831716,309,-100.0,10,-100.0,7
<1,False,False,11,7,S,306,-1.1093750000000004,64,-0.4260089686098655,223,-100.0,7,-100.0,12
<1,False,False,11,8,S,388,-11.111111111111107,9,-0.4787535410764873,353,-100.0,15,-100.0,11
<1,False,False,11,9,S,369,-2.3571428571428577,42,-0.5324675324675323,308,-100.0,10,-100.0,9
<1,False,False,11,10,S,1471,-5.71698113207547,53,-0.5349182763744428,1346,-100.0,37,-100.0,35
<1,False,False,11,1,S,347,-8.652173913043477,23,-0.5928338762214986,307,-100.0,6,-100.0,11
<1,False,False,12,2,S,1064,-1.4404761904761905,84,-0.2715517241379307,928,-100.0,28,-100.0,24
<1,False,False,12,3,S,1055,-4.437500000000001,48,-0.272823779193206,942,-100.0,28,-100.0,37
<1,False,False,12,4,S,1134,-7.344827586206896,29,-0.21890067502410795,1037,-100.0,32,-100.0,36
<1,False,False,12,5,S,1083,-4.318181818181819,44,-0.17959183673469362,980,-100.0,30,-100.0,29
<1,False,False,12,6,S,1086,-4.115384615384617,26,-0.15659068384539157,1009,-100.0,21,-100.0,30
<1,False,False,12,7,S,1257,-2.921052631578948,38,-0.4731369150779897,1154,-100.0,24,-100.0,41
<1,False,False,12,8,S,1194,-3.125,72,-0.5090390104662229,1051,-100.0,40,-100.0,31
<1,False,False,12,9,S,1156,-11.02127659574468,47,-0.5232668566001891,1053,-100.0,31,-100.0,25
<1,False,False,12,10,S,4770,-3.053333333333336,150,-0.5483207676490736,4377,-100.0,116,-100.0,127
<1,False,False,12,1,S,916,-6.935483870967741,31,-0.6997635933806144,846,-100.0,22,-100.0,17
<1,False,False,13,2,S,1279,-5.112903225806453,62,-0.3244176013805008,1159,-100.0,31,-100.0,27
<1,False,False,13,3,S,1510,-2.2857142857142856,49,-0.2579941860465114,1376,-100.0,53,-100.0,32
<1,False,False,13,4,S,1411,-3.162162162162162,37,-0.5372340425531911,1316,-100.0,33,-100.0,25
<1,False,False,13,5,S,1582,-4.976190476190477,42,-0.2085020242914978,1482,-100.0,33,-100.0,25
<1,False,False,13,6,S,1494,-1.2522522522522528,111,-0.1196581196581196,1287,-100.0,48,-100.0,48
<1,False,False,13,7,S,1589,-4.072727272727274,55,-0.4388736263736264,1456,-100.0,39,-100.0,39
<1,False,False,13,8,S,1648,-1.9333333333333336,60,-0.4966931216931219,1512,-100.0,36,-100.0,40
<1,False,False,13,9,S,1606,-1.7733333333333332,75,-0.528120713305899,1458,-100.0,39,-100.0,34
<1,False,False,13,10,S,6546,-4.42603550295858,169,-0.543291473892926,6052,-100.0,160,-100.0,165
<1,False,False,13,1,S,1182,-4.8181818181818175,22,-0.6584699453551912,1098,-100.0,31,-100.0,31
<1,False,False,14,2,S,1847,-0.4249999999999999,40,-0.42028135990621296,1706,-100.0,52,-100.0,49
<1,False,False,14,3,S,1723,-1.5824175824175826,91,-0.30206985769728273,1546,-100.0,47,-100.0,39
<1,False,False,14,4,S,1730,-1.968253968253969,63,-0.3030495552731896,1574,-100.0,52,-100.0,41
<1,False,False,14,5,S,1668,-3.5333333333333337,60,-0.2030423280423281,1512,-100.0,52,-100.0,44
<1,False,False,14,6,S,1691,-1.2027027027027017,222,-0.2245188880969353,1403,-100.0,41,-100.0,25
<1,False,False,14,7,S,1902,-2.5604395604395602,91,-0.4534746760895169,1698,-100.0,54,-100.0,59
<1,False,False,14,8,S,1995,-2.764705882352941,85,-0.5109121432568541,1787,-100.0,59,-100.0,64
<1,False,False,14,9,S,1815,-2.583333333333333,48,-0.5529482551143201,1662,-100.0,51,-100.0,54
<1,False,False,14,10,S,7771,-3.8227848101265822,237,-0.5476423674268913,7147,-100.0,204,-100.0,183
<1,False,False,14,1,S,1482,-1.1804511278195482,133,-0.7165605095541405,1256,-100.0,51,-100.0,42
<1,False,False,15,2,S,2003,-3.8135593220338984,59,-0.2513484358144553,1854,-100.0,52,-100.0,38
<1,False,False,15,3,S,2088,-0.4909090909090909,55,-0.3343717549325029,1926,-100.0,55,-100.0,52
<1,False,False,15,4,S,1959,-3.1428571428571437,70,-0.2521102982554867,1777,-100.0,57,-100.0,55
<1,False,False,15,5,S,1926,-1.6710526315789485,76,-0.1928199189345689,1727,-100.0,67,-100.0,56
<1,False,False,15,6,S,2160,-2.37248322147651,298,-0.1626848691695109,1758,-100.0,55,-100.0,49
<1,False,False,15,7,S,2271,-3.3762376237623766,101,-0.45140913508260416,2058,-100.0,67,-100.0,45
<1,False,False,15,8,S,2137,-2.372549019607845,102,-0.5171517671517679,1924,-100.0,60,-100.0,51
<1,False,False,15,9,S,2226,-1.5604395604395607,91,-0.5536862939139044,2021,-100.0,59,-100.0,55
<1,False,False,15,10,S,8873,-1.6208178438661716,269,-0.5457991928580174,8177,-100.0,207,-100.0,220
<1,False,False,15,1,S,1684,-4.5200000000000005,50,-0.6855305466237935,1555,-100.0,38,-100.0,41
<1,False,False,16,2,S,2195,-1.5189873417721513,79,-0.3019057171514542,1994,-100.0,64,-100.0,58
<1,False,False,16,3,S,2139,-1.4919354838709675,124,-0.2505241090146751,1908,-100.0,55,-100.0,52
<1,False,False,16,4,S,2291,-3.6307692307692307,65,-0.22634331906799776,2103,-100.0,57,-100.0,66
<1,False,False,16,5,S,2239,-1.5052631578947364,95,-0.14636542239685654,2036,-100.0,47,-100.0,61
<1,False,False,16,6,S,2272,-2.478723404255318,94,-0.16054158607350094,2068,-100.0,61,-100.0,49
<1,False,False,16,7,S,2419,-3.6249999999999982,64,-0.4725568942436413,2241,-100.0,64,-100.0,50
<1,False,False,16,8,S,2448,-6.363636363636365,66,-0.5237676056338028,2272,-100.0,53,-100.0,57
<1,False,False,16,9,S,2461,-8.55405405405405,74,-0.5377063810798739,2241,-100.0,78,-100.0,68
<1,False,False,16,10,S,9915,-2.327464788732394,284,-0.5502958579881642,9126,-100.0,264,-100.0,241
<1,False,False,16,1,S,1863,-1.0872093023255818,172,-0.6849656893325023,1603,-100.0,40,-100.0,48
<1,False,False,>16,2,S,14757,-1.7966573816155977,359,0.4144428152492678,13640,-100.0,370,-100.0,388
<1,False,False,>16,3,S,14860,-1.4176829268292683,328,0.42338358944621557,13796,-100.0,376,-100.0,360
<1,False,False,>16,4,S,14727,-1.3964646464646457,396,0.46973151894078685,13595,-100.0,369,-100.0,367
<1,False,False,>16,5,S,14475,-2.4477611940298494,335,0.45114856801909087,13408,-100.0,345,-100.0,387
<1,False,False,>16,6,S,14889,-1.4518716577540105,374,0.48834338005665034,13769,-100.0,375,-100.0,371
<1,False,False,>16,7,S,16071,-1.2348284960422176,379,0.5290779194765302,14977,-100.0,345,-100.0,370
<1,False,False,>16,8,S,16388,-1.6944444444444444,396,0.45636699182704993,15172,-100.0,417,-100.0,403
<1,False,False,>16,9,S,16170,-1.880090497737556,442,0.35263404511680835,14939,-100.0,394,-100.0,395
<1,False,False,>16,10,S,65958,-1.8473748473748497,1638,0.2819780796744721,60948,-100.0,1696,-100.0,1676
<1,False,False,>16,1,S,12595,-1.3421052631578945,342,0.3203064474477052,11617,-100.0,318,-100.0,318
<1,False,False,ace two,2,S,32,-100.0,1,-0.6428571428571427,28,-100.0,2,-100.0,1
<1,False,False,ace two,3,S,20,-1.0,1,0.06666666666666668,15,-100.0,2,-100.0,2
<1,False,False,ace two,4,S,10,0.0,2,1.0,6,-100.0,1,-100.0,1
<1,False,False,ace two,5,S,31,-0.5,2,-0.12000000000000001,25,-100.0,1,-100.0,3
<1,False,False,ace two,6,S,23,-100.0,1,0.30000000000000004,20,-100.0,1,-100.0,1
<1,False,False,ace two,7,S,26,-100.0,1,-0.4545454545454546,22,-100.0,2,-100.0,1
<1,False,False,ace two,8,S,27,-8.818181818181817,11,-0.3846153846153846,13,-100.0,2,-100.0,1
<1,False,False,ace two,9,S,36,-1.0,1,-0.2121212121212121,33,-100.0,1,-100.0,1
<1,False,False,ace two,10,H,94,-0.17857142857142858,28,-0.4098360655737705,61,-100.0,4,-100.0,1
<1,False,False,ace two,1,H,20,-0.5,14,-1.0,1,-100.0,4,-100.0,1
<1,False,False,ace three,2,S,67,-14.285714285714286,7,-0.46428571428571425,56,-100.0,3,-100.0,1
<1,False,False,ace three,3,S,70,-1.0,2,-0.01694915254237285,59,-100.0,6,-100.0,3
<1,False,False,ace three,4,S,56,-1.5,2,-0.2352941176470588,51,-100.0,2,-100.0,1
<1,False,False,ace three,5,S,73,-10.88888888888889,9,-0.27586206896551735,58,-100.0,4,-100.0,2
<1,False,False,ace three,6,S,52,-100.0,1,-0.16666666666666669,48,-100.0,1,-100.0,2
<1,False,False,ace three,7,S,73,-13.714285714285715,7,-0.5555555555555555,63,-100.0,2,-100.0,1
<1,False,False,ace three,8,S,66,-32.666666666666664,3,-0.40350877192982443,57,-100.0,2,-100.0,4
<1,False,False,ace three,9,S,70,-14.714285714285712,7,-0.5789473684210527,57,-100.0,4,-100.0,2
<1,False,False,ace three,10,S,299,-5.047619047619048,21,-0.6629213483146065,267,-100.0,8,-100.0,3
<1,False,False,ace three,1,S,46,-9.272727272727272,11,-1.0322580645161292,31,-100.0,3,-100.0,1
<1,False,False,ace four,2,S,115,-2.1333333333333333,45,-0.2615384615384616,65,-100.0,1,-100.0,4
<1,False,False,ace four,3,S,134,-12.124999999999998,8,-0.4067796610169491,118,-100.0,3,-100.0,5
<1,False,False,ace four,4,S,132,-32.66666666666667,3,-0.40677966101694907,118,-100.0,2,-100.0,9
<1,False,False,ace four,5,S,134,-50.5,2,-0.459016393442623,122,-100.0,6,-100.0,4
<1,False,False,ace four,6,S,149,-1.0,4,-0.18571428571428567,140,-100.0,1,-100.0,4
<1,False,False,ace four,7,S,141,-3.592592592592593,27,-0.5865384615384616,104,-100.0,4,-100.0,6
<1,False,False,ace four,8,S,126,-5.888888888888889,18,-0.5643564356435642,101,-100.0,2,-100.0,5
<1,False,False,ace four,9,S,135,-50.0,4,-0.49593495934959336,123,-100.0,3,-100.0,5
<1,False,False,ace four,10,S,545,-36.21428571428571,14,-0.5029469548133594,509,-100.0,13,-100.0,9
<1,False,False,ace four,1,S,114,-0.6,15,-0.5909090909090912,88,-100.0,4,-100.0,7
<1,False,False,ace five,2,S,177,-0.4285714285714286,7,-0.24999999999999997,160,-100.0,5,-100.0,5
<1,False,False,ace five,3,S,149,-5.611111111111112,18,-0.2520325203252033,123,-100.0,3,-100.0,5
<1,False,False,ace five,4,S,163,-34.0,6,-0.24137931034482743,145,-100.0,5,-100.0,7
<1,False,False,ace five,5,S,178,-3.666666666666667,27,0.014084507042253528,142,-100.0,7,-100.0,2
<1,False,False,ace five,6,S,232,-20.8,5,-0.18894009216589858,217,-100.0,3,-100.0,7
<1,False,False,ace five,7,S,193,-11.444444444444445,9,-0.548022598870056,177,-100.0,3,-100.0,4
<1,False,False,ace five,8,S,197,-33.33333333333333,3,-0.481081081081081,185,-100.0,4,-100.0,5
<1,False,False,ace five,9,S,225,-0.6666666666666666,12,-0.6060606060606062,198,-100.0,6,-100.0,9
<1,False,False,ace five,10,S,796,-5.473684210526315,19,-0.6097560975609748,738,-100.0,20,-100.0,19
<1,False,False,ace five,1,S,148,-0.8571428571428572,7,-0.6323529411764709,136,-100.0,3,-100.0,2
<1,False,False,ace six,2,S,217,-3.6800000000000006,25,-0.19021739130434787,184,-100.0,3,-100.0,5
<1,False,False,ace six,3,S,237,-8.750000000000002,12,-0.11009174311926605,218,-100.0,5,-100.0,2
<1,False,False,ace six,4,S,241,-16.416666666666668,12,-0.009049773755656122,221,-100.0,4,-100.0,4
<1,False,False,ace six,5,S,252,-6.857142857142857,14,-0.06363636363636364,220,-100.0,11,-100.0,7
<1,False,False,ace six,6,S,224,-0.6666666666666666,6,-0.10096153846153853,208,-100.0,5,-100.0,5
<1,False,False,ace six,7,S,231,-2.0408163265306127,49,-0.09195402298850569,174,-100.0,5,-100.0,3
<1,False,False,ace six,8,S,285,-3.6538461538461537,26,-0.3008130081300814,246,-100.0,6,-100.0,7
<1,False,False,ace six,9,S,253,-17.5,6,-0.3862660944206005,233,-100.0,6,-100.0,8
<1,False,False,ace six,10,S,1095,-0.5806451612903226,31,-0.40733399405351817,1009,-100.0,28,-100.0,27
<1,False,False,ace six,1,S,234,-9.818181818181818,11,-0.5603864734299514,207,-100.0,9,-100.0,7
<1,False,False,ace seven,2,S,344,-10.666666666666664,9,0.07232704402515729,318,-100.0,12,-100.0,5
<1,False,False,ace seven,3,S,314,-0.07692307692307691,13,0.16842105263157908,285,-100.0,11,-100.0,5
<1,False,False,ace seven,4,S,315,-0.18181818181818182,11,0.217081850533808,281,-100.0,13,-100.0,10
<1,False,False,ace seven,5,S,273,-12.375,8,0.20553359683794475,253,-100.0,8,-100.0,4
<1,False,False,ace seven,6,S,337,-11.23529411764706,17,0.25328947368421056,304,-100.0,11,-100.0,5
<1,False,False,ace seven,7,S,351,-0.4285714285714286,7,0.366153846153846,325,-100.0,11,-100.0,8
<1,False,False,ace seven,8,S,350,-25.0,8,0.16099071207430357,323,-100.0,12,-100.0,7
<1,False,False,ace seven,9,S,337,-0.49999999999999994,12,-0.15161290322580645,310,-100.0,4,-100.0,11
<1,False,False,ace seven,10,S,1386,-1.8,70,-0.21073717948717918,1248,-100.0,28,-100.0,40
<1,False,False,ace seven,1,S,247,-5.705882352941177,17,-0.07009345794392523,214,-100.0,3,-100.0,13
<1,False,False,ace eight,2,S,353,-10.0,10,0.32628398791540797,331,-100.0,4,-100.0,8
<1,False,False,ace eight,3,S,405,-8.08333333333333,12,0.5190217391304344,368,-100.0,13,-100.0,12
<1,False,False,ace eight,4,S,325,-4.083333333333333,24,0.3663003663003663,273,-100.0,16,-100.0,12
<1,False,False,ace eight,5,S,388,-16.611111111111114,18,0.41142857142857114,350,-100.0,10,-100.0,10
<1,False,False,ace eight,6,S,346,0.0769230769230769,13,0.5664556962025316,316,-100.0,12,-100.0,5
<1,False,False,ace eight,7,S,400,-8.416666666666668,12,0.6256830601092902,366,-100.0,12,-100.0,10
<1,False,False,ace eight,8,S,455,0.22222222222222227,9,0.6249999999999993,416,-100.0,21,-100.0,9
<1,False,False,ace eight,9,S,409,-4.666666666666667,21,0.3091397849462365,372,-100.0,7,-100.0,9
<1,False,False,ace eight,10,S,1701,-5.280701754385965,57,0.09797724399494298,1582,-100.0,34,-100.0,28
<1,False,False,ace eight,1,S,333,0.15384615384615385,13,0.23588039867109623,301,-100.0,7,-100.0,12
<1,False,False,blackjack,2,S,106119,-100.0,2676,1.5,98123,-100.0,2646,-100.0,2674
<1,False,False,blackjack,3,S,106102,-100.0,2658,1.5,98171,-100.0,2597,-100.0,2676
<1,False,False,blackjack,4,S,107267,-100.0,2656,1.5,99235,-100.0,2618,-100.0,2758
<1,False,False,blackjack,5,S,107465,-100.0,2664,1.5,99289,-100.0,2727,-100.0,2785
<1,False,False,blackjack,6,S,107422,-100.0,2779,1.5,99230,-100.0,2737,-100.0,2676
<1,False,False,blackjack,7,S,112145,-100.0,2826,1.5,103733,-100.0,2874,-100.0,2712
<1,False,False,blackjack,8,S,112305,-100.0,2797,1.5,103808,-100.0,2915,-100.0,2785
<1,False,False,blackjack,9,S,115608,-100.0,3015,1.5,106724,-100.0,2958,-100.0,2911
<1,False,False,blackjack,10,S,436837,-100.0,10985,1.5,403802,-100.0,10941,-100.0,11109
<1,False,False,blackjack,1,S,79517,-100.0,1969,1.5,73575,-100.0,1939,-100.0,2034
<1,True,False,<8,2,S,69264,-4.793305930710509,1703,-0.3027977917095561,64122,-0.625139664804469,1790,-100.0,1649
<1,True,False,<8,3,S,71019,-6.48588490770902,1842,-0.28353923919185314,65483,-0.5310825294748142,1866,-100.0,1828
<1,True,False,<8,4,S,69792,-5.019818799546996,1766,-0.23091833886425195,64486,-0.5104342921601793,1773,-100.0,1767
<1,True,False,<8,5,S,71463,-5.832420591456737,1826,-0.20712338779674372,65671,-0.3294337856808611,2137,-100.0,1829
<1,True,False,<8,6,S,71618,-5.823081110506253,1837,-0.17826014207267793,65741,-0.26769509981851164,2204,-100.0,1836
<1,True,False,<8,7,S,79643,-6.847803881511738,1958,-0.4941069316621599,73561,-0.8146934955545179,2137,-100.0,1987
<1,True,False,<8,8,S,79744,-5.656941649899399,1988,-0.5177669100613703,73817,-0.8223376623376636,1925,-100.0,2014
<1,True,False,<8,9,S,80961,-6.115956392467789,2018,-0.5347654268243824,74902,-1.061183550651955,1994,-100.0,2047
<1,True,False,<8,10,S,321143,-6.0381163162424505,8133,-0.5352564858391312,296839,-0.9874306839186734,8115,-100.0,8056
<1,True,False,<8,1,S,61351,-6.161290322580649,1581,-0.6969290504765223,56660,-1.310411311053985,1556,-100.0,1554
<1,True,False,six two,2,D,16496,-5.0709534368071,451,-0.2876190476190475,1050,-0.23614061536353034,14593,-100.0,402
<1,True,False,six two,3,D,17796,-6.496453900709221,423,-0.32229580573951455,453,-0.2604930046635548,16511,-100.0,409
<1,True,False,six two,4,D,18695,-8.33333333333333,471,-0.13211845102505687,439,-0.061007344012028064,17293,-100.0,492
<1,True,False,six two,5,D,18330,-5.761229314420803,423,-0.25416666666666676,480,-0.06661941885187805,16932,-100.0,495
<1,True,False,six two,6,D,17655,-7.412556053811657,446,-0.14775160599571716,467,0.007551108109767317,16289,-100.0,453
<1,True,False,six two,7,D,19714,-7.192622950819672,488,-0.40205178309721573,2047,-0.2458937777244924,16682,-100.0,497
<1,True,False,six two,8,S,19955,-5.082278481012663,474,-0.550784882130937,18283,-0.5660964230171068,643,-100.0,555
<1,True,False,six two,9,S,20237,-5.36624775583483,557,-0.5824264626656616,18562,-0.738878143133462,517,-100.0,601
<1,True,False,six two,10,S,82302,-5.095668729176583,2101,-0.5495561741688129,76156,-0.8274137068534267,1999,-100.0,2046
<1,True,False,six two,1,S,15172,-5.859649122807019,399,-0.6947179302910503,13915,-0.8430962343096238,478,-100.0,380
<1,True,False,five three,2,D,18164,-4.5366972477064245,436,-0.27354838709677565,12400,-0.20057189542483667,4896,-100.0,432
<1,True,False,five three,3,S,18219,-8.581447963800903,442,-0.2535161118034539,16851,-0.376321353065539,473,-100.0,453
<1,True,False,five three,4,D,17666,-6.323275862068963,464,-0.22369878183831668,2709,-0.11996590666950809,14079,-100.0,414
<1,True,False,five three,5,D,17563,-5.74370709382151,437,-0.20421052631578931,475,0.022992768403486005,16179,-100.0,472
<1,True,False,five three,6,D,18845,-6.366459627329192,483,-0.2845360824742268,485,0.07613805756220629,17442,-100.0,435
<1,True,False,five three,7,D,19974,-5.006122448979597,490,-0.458167330677291,502,-0.29881768611996096,18523,-100.0,459
<1,True,False,five three,8,D,20484,-5.828621908127211,566,-0.4886535552193651,1322,-0.4787919165001098,18012,-100.0,584
<1,True,False,five three,9,S,19985,-4.392712550607288,494,-0.5242966751918186,18377,-0.7952000000000002,625,-100.0,489
<1,True,False,five three,10,S,80082,-4.938393297190743,2029,-0.5433754691162387,73809,-0.7474747474747488,2277,-100.0,1967
<1,True,False,five three,1,S,15822,-6.655405405405409,444,-0.6786946139559574,11307,-0.769166897315252,3613,-100.0,458
<1,True,False,four four,2,?,0,,0,,0,,0,,0
<1,True,False,four four,3,?,0,,0,,0,,0,,0
<1,True,False,four four,4,?,0,,0,,0,,0,,0
<1,True,False,four four,5,?,0,,0,,0,,0,,0
<1,True,False,four four,6,?,0,,0,,0,,0,,0
<1,True,False,four four,7,?,0,,0,,0,,0,,0
<1,True,False,four four,8,?,0,,0,,0,,0,,0
<1,True,False,four four,9,?,0,,0,,0,,0,,0
<1,True,False,four four,10,?,0,,0,,0,,0,,0
<1,True,False,four four,1,?,0,,0,,0,,0,,0
<1,True,False,9,2,D,55315,-5.405503258508327,1381,-0.28730512249443213,1347,-0.008549177288076122,51233,-100.0,1354
<1,True,False,9,3,D,55572,-4.932671863926287,1411,-0.2604220277920741,1943,0.08329884717706194,50745,-100.0,1473
<1,True,False,9,4,D,55809,-6.109203296703292,1456,-0.2885154061624648,1428,0.08887638050503738,51521,-100.0,1404
<1,True,False,9,5,D,54715,-4.878209831254585,1363,-0.2616299405386498,2859,0.14420394616277463,49111,-100.0,1382
<1,True,False,9,6,D,55761,-3.8563049853372453,1364,-0.21638655462184841,1428,0.2950562233423799,51580,-100.0,1389
<1,True,False,9,7,D,60966,-5.298013245033112,1510,-0.4553191489361694,1410,0.0279932844393392,56585,-100.0,1461
<1,True,False,9,8,D,61844,-4.866536458333338,1536,-0.5060164661177959,1579,-0.031091248712532434,57283,-100.0,1446
<1,True,False,9,9,D,62929,-5.721609344581443,1541,-0.5267008046817861,4101,-0.291423753744593,55747,-100.0,1540
<1,True,False,9,10,D,253752,-5.579659949622163,6352,-0.5562002428822007,7411,-0.4692450852461131,233735,-100.0,6254
<1,True,False,9,1,D,48518,-6.115200000000006,1250,-0.7105045492142278,1209,-0.5378563309336473,44867,-100.0,1192
<1,True,False,10,2,D,56887,-4.493810178817051,1454,-0.31156848828956696,1409,0.2821497120921288,52621,-100.0,1403
<1,True,False,10,3,D,56120,-5.718461538461538,1300,-0.30498533724340227,1364,0.3225973926085483,52006,-100.0,1450
<1,True,False,10,4,D,57397,-5.215801024140455,1367,-0.2899328859060406,1490,0.3858297312535231,53210,-100.0,1330
<1,True,False,10,5,D,60032,-5.808120497707928,1527,-0.21259309410968213,1477,0.4257937795076936,55494,-100.0,1534
<1,True,False,10,6,D,57448,-4.821331521739141,1472,-0.18736988202637056,1441,0.4746273151633791,53128,-100.0,1407
<1,True,False,10,7,D,63941,-4.562539682539686,1575,-0.48736037624926476,1701,0.3173356799566757,59092,-100.0,1573
<1,True,False,10,8,D,63386,-5.288599348534207,1535,-0.5263496143958863,1556,0.24617507752069903,58694,-100.0,1601
<1,True,False,10,9,D,62611,-6.231343283582088,1608,-0.5650534255185419,1591,0.05793716697806343,57804,-100.0,1608
<1,True,False,10,10,D,263635,-4.886313948404003,6861,-0.5509817197021012,7385,-0.034234160006592365,242740,-100.0,6649
<1,True,False,10,1,D,48995,-4.963229416466824,1251,-0.6899286280729583,1261,-0.05656368947508181,45188,-100.0,1295
<1,True,False,11,2,D,78399,-4.763316582914573,1990,-0.29880890730191645,1931,0.4175221507213631,72571,-100.0,1907
<1,True,False,11,3,D,76921,-3.9073047858942083,1985,-0.27582534611288545,1878,0.45676564872616726,71124,-100.0,1934
<1,True,False,11,4,D,76521,-5.0889423076922995,2080,-0.2330304649919831,1871,0.4854960752422011,70705,-100.0,1865
<1,True,False,11,5,D,78371,-4.553388590931256,2051,-0.1448763250883396,1981,0.5687840190092067,72386,-100.0,1953
<1,True,False,11,6,D,78989,-4.738938053097343,2034,-0.11048593350383647,1955,0.6116007883499367,73064,-100.0,1936
<1,True,False,11,7,D,84249,-5.007962529274015,2135,-0.5024061597690078,2078,0.42275410677617914,77920,-100.0,2116
<1,True,False,11,8,D,85108,-3.844655797101448,2208,-0.5410292072322657,2157,0.3129837067209758,78560,-100.0,2183
<1,True,False,11,9,D,85896,-4.6954242135366995,2098,-0.5513974419706291,2111,0.23078373926492238,79529,-100.0,2158
<1,True,False,11,10,D,356597,-5.686507495835658,9005,-0.5181370353784138,8932,0.14892829737738375,329709,-100.0,8951
<1,True,False,11,1,D,67136,-5.061298076923077,1664,-0.6226072607260735,6060,0.09893252001524977,57706,-100.0,1706
<1,True,False,12,2,S,147254,-4.428685258964125,3765,-0.3180876136321101,133655,-0.4589497642659733,6151,-100.0,3683
<1,True,False,12,3,S,149382,-3.6523384698567156,3699,-0.29155410312272645,137700,-0.4942770380752178,4281,-100.0,3702
<1,True,False,12,4,S,148057,-3.532620614035084,3648,-0.23566367742453476,137047,-0.37343291544411744,3749,-100.0,3613
<1,True,False,12,5,S,148205,-3.5365788773610003,3759,-0.2026255040617122,136888,-0.42564102564102557,3900,-100.0,3658
<1,True,False,12,6,S,147086,-3.5854037267080687,3864,-0.18802091002797514,135820,-0.3532536520584322,3765,-100.0,3637
<1,True,False,12,7,S,166361,-3.4168051269878887,4213,-0.4730428672734484,153707,-0.5580326361755933,4351,-100.0,4090
<1,True,False,12,8,S,164690,-4.240627928772259,4268,-0.5165366010540928,152359,-0.6324282786885255,3904,-100.0,4159
<1,True,False,12,9,S,165392,-4.253643629525148,4254,-0.5465654653926918,152699,-0.7293070259865255,4156,-100.0,4283
<1,True,False,12,10,S,673976,-3.8001164144353963,17180,-0.5369748195783081,623262,-0.7565735172739056,16962,-100.0,16572
<1,True,False,12,1,S,128321,-3.4112416640203183,3149,-0.6845789079147939,118727,-0.8484939759036147,3320,-100.0,3125
<1,True,False,13,2,S,149627,-3.7396859196167216,3757,-0.31978736142066316,138639,-0.5616030327646893,3693,-100.0,3538
<1,True,False,13,3,S,143549,-3.60442329227324,3572,-0.30363762394141164,132724,-0.5110810810810806,3700,-100.0,3553
<1,True,False,13,4,S,146585,-2.975864843121485,3729,-0.2327619300732378,135456,-0.5384210526315794,3800,-100.0,3600
<1,True,False,13,5,S,146758,-3.4281666194389353,3529,-0.20312223858615427,135800,-0.5549132947976866,3806,-100.0,3623
<1,True,False,13,6,S,146964,-3.4112542729424136,3803,-0.17338424863146396,135912,-0.45617021276595665,3525,-100.0,3724
<1,True,False,13,7,S,165237,-3.1138798903563525,4013,-0.481853154900863,152065,-0.5689197467837461,4897,-100.0,4262
<1,True,False,13,8,S,164416,-3.2884429400386845,4136,-0.5122361675799889,141425,-0.6783259612112958,14695,-100.0,4160
<1,True,False,13,9,S,165881,-3.7167644183773167,4092,-0.5512866461185544,153461,-0.8046454767726156,4090,-100.0,4238
<1,True,False,13,10,S,672737,-3.6541136256483,16968,-0.5462410910087642,583680,-0.8569820024335761,55063,-100.0,17026
<1,True,False,13,1,S,128194,-4.139469578783162,3205,-0.6894757261900756,118564,-0.8949163050217005,3226,-100.0,3199
<1,True,False,14,2,S,129765,-2.673919613176184,3309,-0.32825319456152297,119813,-0.6960312687913413,3326,-100.0,3317
<1,True,False,14,3,S,129054,-2.9861836045440655,3257,-0.2847737108732837,119228,-0.6585291425083938,3277,-100.0,3292
<1,True,False,14,4,S,124494,-3.000313185092387,3193,-0.2402196234032919,114924,-0.6606861819326408,3177,-100.0,3200
<1,True,False,14,5,S,127379,-3.022551546391752,3104,-0.19319184310532161,117888,-0.735565110565111,3256,-100.0,3131
<1,True,False,14,6,S,127977,-2.94208611279563,3298,-0.20279448864738892,118519,-0.5867962466487928,2984,-100.0,3176
<1,True,False,14,7,S,145461,-2.839114995902761,3661,-0.47316234993081985,134438,-0.6913921948519243,3613,-100.0,3749
<1,True,False,14,8,S,144727,-2.941829004329008,3696,-0.5120408422975382,133587,-0.8251823831396922,3701,-100.0,3743
<1,True,False,14,9,S,143004,-3.7750472589792103,3703,-0.5440325853244945,132084,-0.8060320973990018,3614,-100.0,3603
<1,True,False,14,10,S,577823,-3.272714833059663,14616,-0.5500419262098735,534272,-0.883474282545402,14426,-100.0,14509
<1,True,False,14,1,S,112098,-3.069066862601028,2722,-0.6738089503347887,103795,-0.9073941134242647,2786,-100.0,2795
<1,True,False,15,2,S,131794,-2.7120467117393954,3254,-0.30414599138815074,121925,-0.7619474313022692,3348,-100.0,3267
<1,True,False,15,3,S,130323,-2.662226169330968,3378,-0.2678614455328745,120357,-0.7879341864716636,3282,-100.0,3306
<1,True,False,15,4,S,129315,-3.0405904059040565,3252,-0.2337123745819408,119600,-0.7141041931385007,3148,-100.0,3315
<1,True,False,15,5,S,124423,-2.616168045830678,3142,-0.20003303170174203,115041,-0.7164948453608248,3104,-100.0,3136
<1,True,False,15,6,S,129014,-2.3831089351285213,3268,-0.1653608039863765,119206,-0.6630242173656239,3386,-100.0,3154
<1,True,False,15,7,S,148288,-2.3389784211963924,3661,-0.4836828562473111,137187,-0.781842818428186,3690,-100.0,3750
<1,True,False,15,8,S,147652,-2.9412719891745653,3695,-0.5102442522427652,136662,-0.8111353711790393,3664,-100.0,3631
<1,True,False,15,9,S,144938,-2.817729908864956,3621,-0.5328198008568873,133974,-0.8444876423215769,3601,-100.0,3742
<1,True,False,15,10,S,589645,-2.7426000961472394,14561,-0.5470612608582479,545438,-0.9653159801422265,14906,-100.0,14740
<1,True,False,15,1,S,112236,-3.0581029051452577,2857,-0.6868528124337194,103718,-1.0177430801987235,2818,-100.0,2843
<1,True,False,16,2,S,108957,-2.5631170662905554,2836,-0.31903767770156066,100590,-0.8943148688046638,2744,-100.0,2787
<1,True,False,16,3,S,110976,-2.9552344025378967,2837,-0.2937989104481945,102611,-0.8752260397830014,2765,-100.0,2763
<1,True,False,16,4,S,109960,-2.6410347271438663,2822,-0.24722019733262007,97399,-0.8779588944011337,7055,-100.0,2684
<1,True,False,16,5,S,108751,-2.1111895517119637,2833,-0.20607496168315667,100478,-0.7484253427195261,2699,-100.0,2741
<1,True,False,16,6,S,106462,-2.272138228941684,2778,-0.17595382548149438,98236,-0.7242258652094712,2745,-100.0,2703
<1,True,False,16,7,S,124925,-1.8771320277953278,3166,-0.4891592345657621,115490,-0.8330713612071683,3181,-100.0,3088
<1,True,False,16,8,S,123826,-2.9544603867747967,3206,-0.5295216969845061,114509,-0.8903654485049844,3010,-100.0,3101
<1,True,False,16,9,S,125200,-2.76147704590818,3006,-0.5382928198264342,115805,-0.9444970040996529,3171,-100.0,3218
<1,True,False,16,10,S,493192,-2.537906137184111,12465,-0.5432451438072629,456479,-1.035106647854594,12049,-100.0,12199
<1,True,False,16,1,S,94606,-2.665537679932264,2362,-0.7032925574482682,87470,-1.011445527766005,2359,-100.0,2415
<1,True,False,>16,2,S,350544,-2.0384746339802504,8811,0.11594220783828635,324127,-1.1119779715465814,8716,-100.0,8890
<1,True,False,>16,3,S,353022,-1.8631344116006754,8965,0.14871838876154167,326308,-1.1082217550071884,9037,-100.0,8712
<1,True,False,>16,4,S,347324,-2.0020391979154892,8827,0.16608186770040026,320908,-1.1290907032046216,8831,-100.0,8758
<1,True,False,>16,5,S,348205,-2.2733163619532513,8642,0.20439842753733223,322297,-1.1221285928662117,8663,-100.0,8603
<1,True,False,>16,6,S,351540,-2.1987549518958796,8835,0.2556440923475328,325163,-1.1013513513513506,8732,-100.0,8810
<1,True,False,>16,7,S,370808,-1.8088074994549912,9174,0.28991869587129065,343279,-1.0571084073221517,9123,-100.0,9232
<1,True,False,>16,8,S,372086,-2.3134513824169076,9657,0.11924055417447967,343935,-1.029699774023456,9293,-100.0,9201
<1,True,False,>16,9,S,372090,-1.896702336754748,9158,-0.0794326653393964,344065,-1.1394115812454537,9619,-100.0,9248
<1,True,False,>16,10,S,1463667,-2.0636445266795445,36751,-0.13450907763363132,1350407,-1.1934730764403125,39835,-100.0,36674
<1,True,False,>16,1,S,277503,-2.048777059319653,7114,-0.0854828361234536,254051,-1.1454392601933578,9516,-100.0,6822
<1,True,False,ace ace,2,?,0,,0,,0,,0,,0
<1,True,False,ace ace,3,?,0,,0,,0,,0,,0
<1,True,False,ace ace,4,?,0,,0,,0,,0,,0
<1,True,False,ace ace,5,?,0,,0,,0,,0,,0
<1,True,False,ace ace,6,?,0,,0,,0,,0,,0
<1,True,False,ace ace,7,?,0,,0,,0,,0,,0
<1,True,False,ace ace,8,?,0,,0,,0,,0,,0
<1,True,False,ace ace,9,?,0,,0,,0,,0,,0
<1,True,False,ace ace,10,?,0,,0,,0,,0,,0
<1,True,False,ace ace,1,?,0,,0,,0,,0,,0
<1,True,False,two two,2,?,0,,0,,0,,0,,0
<1,True,False,two two,3,?,0,,0,,0,,0,,0
<1,True,False,two two,4,?,0,,0,,0,,0,,0
<1,True,False,two two,5,?,0,,0,,0,,0,,0
<1,True,False,two two,6,?,0,,0,,0,,0,,0
<1,True,False,two two,7,?,0,,0,,0,,0,,0
<1,True,False,two two,8,?,0,,0,,0,,0,,0
<1,True,False,two two,9,?,0,,0,,0,,0,,0
<1,True,False,two two,10,?,0,,0,,0,,0,,0
<1,True,False,two two,1,?,0,,0,,0,,0,,0
<1,True,False,three three,2,?,0,,0,,0,,0,,0
<1,True,False,three three,3,?,0,,0,,0,,0,,0
<1,True,False,three three,4,?,0,,0,,0,,0,,0
<1,True,False,three three,5,?,0,,0,,0,,0,,0
<1,True,False,three three,6,?,0,,0,,0,,0,,0
<1,True,False,three three,7,?,0,,0,,0,,0,,0
<1,True,False,three three,8,?,0,,0,,0,,0,,0
<1,True,False,three three,9,?,0,,0,,0,,0,,0
<1,True,False,three three,10,?,0,,0,,0,,0,,0
<1,True,False,three three,1,?,0,,0,,0,,0,,0
<1,True,False,five five,2,?,0,,0,,0,,0,,0
<1,True,False,five five,3,?,0,,0,,0,,0,,0
<1,True,False,five five,4,?,0,,0,,0,,0,,0
<1,True,False,five five,5,?,0,,0,,0,,0,,0
<1,True,False,five five,6,?,0,,0,,0,,0,,0
<1,True,False,five five,7,?,0,,0,,0,,0,,0
<1,True,False,five five,8,?,0,,0,,0,,0,,0
<1,True,False,five five,9,?,0,,0,,0,,0,,0
<1,True,False,five five,10,?,0,,0,,0,,0,,0
<1,True,False,five five,1,?,0,,0,,0,,0,,0
<1,True,False,six six,2,?,0,,0,,0,,0,,0
<1,True,False,six six,3,?,0,,0,,0,,0,,0
<1,True,False,six six,4,?,0,,0,,0,,0,,0
<1,True,False,six six,5,?,0,,0,,0,,0,,0
<1,True,False,six six,6,?,0,,0,,0,,0,,0
<1,True,False,six six,7,?,0,,0,,0,,0,,0
<1,True,False,six six,8,?,0,,0,,0,,0,,0
<1,True,False,six six,9,?,0,,0,,0,,0,,0
<1,True,False,six six,10,?,0,,0,,0,,0,,0
<1,True,False,six six,1,?,0,,0,,0,,0,,0
<1,True,False,seven seven,2,?,0,,0,,0,,0,,0
<1,True,False,seven seven,3,?,0,,0,,0,,0,,0
<1,True,False,seven seven,4,?,0,,0,,0,,0,,0
<1,True,False,seven seven,5,?,0,,0,,0,,0,,0
<1,True,False,seven seven,6,?,0,,0,,0,,0,,0
<1,True,False,seven seven,7,?,0,,0,,0,,0,,0
<1,True,False,seven seven,8,?,0,,0,,0,,0,,0
<1,True,False,seven seven,9,?,0,,0,,0,,0,,0
<1,True,False,seven seven,10,?,0,,0,,0,,0,,0
<1,True,False,seven seven,1,?,0,,0,,0,,0,,0
<1,True,False,eight eight,2,?,0,,0,,0,,0,,0
<1,True,False,eight eight,3,?,0,,0,,0,,0,,0
<1,True,False,eight eight,4,?,0,,0,,0,,0,,0
<1,True,False,eight eight,5,?,0,,0,,0,,0,,0
<1,True,False,eight eight,6,?,0,,0,,0,,0,,0
<1,True,False,eight eight,7,?,0,,0,,0,,0,,0
<1,True,False,eight eight,8,?,0,,0,,0,,0,,0
<1,True,False,eight eight,9,?,0,,0,,0,,0,,0
<1,True,False,eight eight,10,?,0,,0,,0,,0,,0
<1,True,False,eight eight,1,?,0,,0,,0,,0,,0
<1,True,False,nine nine,2,?,0,,0,,0,,0,,0
<1,True,False,nine nine,3,?,0,,0,,0,,0,,0
<1,True,False,nine nine,4,?,0,,0,,0,,0,,0
<1,True,False,nine nine,5,?,1,,0,,0,,0,-100.0,1
<1,True,False,nine nine,6,?,0,,0,,0,,0,,0
<1,True,False,nine nine,7,?,0,,0,,0,,0,,0
<1,True,False,nine nine,8,?,0,,0,,0,,0,,0
<1,True,False,nine nine,9,?,0,,0,,0,,0,,0
<1,True,False,nine nine,10,?,0,,0,,0,,0,,0
<1,True,False,nine nine,1,?,0,,0,,0,,0,,0
<1,True,False,ten ten,2,?,0,,0,,0,,0,,0
<1,True,False,ten ten,3,?,0,,0,,0,,0,,0
<1,True,False,ten ten,4,?,2,,0,-100.0,1,,0,-100.0,1
<1,True,False,ten ten,5,?,0,,0,,0,,0,,0
<1,True,False,ten ten,6,?,0,,0,,0,,0,,0
<1,True,False,ten ten,7,?,2,,0,,0,-4.0,1,-100.0,1
<1,True,False,ten ten,8,?,1,,0,,0,2.0,1,,0
<1,True,False,ten ten,9,?,3,-3.0,1,2.0,1,-3.0,1,,0
<1,True,False,ten ten,10,S,7,-0.5,2,3.3333333333333335,3,-6.0,1,-100.0,1
<1,True,False,ten ten,1,?,0,,0,,0,,0,,0
<1,True,False,ace two,2,D,20417,-3.9266917293233092,532,-0.2888870334808362,11977,-0.09618258388805889,7361,-100.0,547
<1,True,False,ace two,3,D,21662,-8.25,524,-0.24125230202578274,543,-0.03340979355739483,20054,-100.0,541
<1,True,False,ace two,4,D,22289,-6.11317254174398,539,-0.22198182604932915,4622,0.09205601835083949,16566,-100.0,562
<1,True,False,ace two,5,D,22016,-4.999999999999999,557,-0.11556064073226548,874,0.16598524132429238,20056,-100.0,529
<1,True,False,ace two,6,D,22226,-5.873873873873874,555,-0.17290552584670232,561,0.10123625036503392,20546,-100.0,564
<1,True,False,ace two,7,D,25149,-4.690598290598284,585,-0.5016674606955696,2099,-0.16839650678981277,21871,-100.0,594
<1,True,False,ace two,8,D,24947,-4.92088607594937,632,-0.5719882468168448,1021,-0.29040236738660224,22641,-100.0,653
<1,True,False,ace two,9,S,24523,-4.451986754966887,604,-0.5558694980354024,22651,-0.597402597402597,616,-100.0,652
<1,True,False,ace two,10,D,99677,-4.266980761680429,2547,-0.5233056905919362,3497,-0.5035744484587575,91063,-100.0,2570
<1,True,False,ace two,1,S,17986,-5.381057268722464,454,-0.670691787299046,13747,-0.6733653269346122,3334,-100.0,451
<1,True,False,ace three,2,D,22163,-5.00355239786857,563,-0.29172932330827045,665,-0.04098682917240031,20348,-100.0,587
<1,True,False,ace three,3,D,20989,-5.193656093489156,599,-0.2583426028921016,10788,-0.01637892872952631,9036,-100.0,566
<1,True,False,ace three,4,D,22207,-5.633147113594038,537,-0.2796296296296296,540,0.05028476853429415,20543,-100.0,587
<1,True,False,ace three,5,D,22549,-4.941712204007279,549,-0.2655737704918031,610,0.05361685786972594,20833,-100.0,557
<1,True,False,ace three,6,D,21131,-3.986964618249533,537,-0.13521126760563368,710,0.20371900826446274,19360,-100.0,524
<1,True,False,ace three,7,D,24164,-4.481415929203542,565,-0.4465958775765147,1601,-0.17320368379224926,21391,-100.0,607
<1,True,False,ace three,8,D,25254,-5.9092382495948135,617,-0.5472481827622012,963,-0.3157391304347848,23000,-100.0,674
<1,True,False,ace three,9,D,25535,-4.727699530516434,639,-0.5299422799422806,2772,-0.4051675977653632,21480,-100.0,644
<1,True,False,ace three,10,S,99495,-5.184451219512195,2624,-0.5374084999453703,91530,-0.5705942974922705,2911,-100.0,2430
<1,True,False,ace three,1,S,17821,-5.888127853881281,438,-0.6800470064324616,16168,-0.7038043478260864,736,-100.0,479
<1,True,False,ace four,2,D,22418,-3.9707495429616095,547,-0.3466981132075479,2968,-0.03961315703201836,18302,-100.0,601
<1,True,False,ace four,3,D,21496,-5.42685025817556,581,-0.23568170299036975,1973,-0.03274955267581216,18443,-100.0,499
<1,True,False,ace four,4,D,21505,-9.11287128712873,505,-0.27086383601756925,2732,0.006923336710570723,17766,-100.0,502
<1,True,False,ace four,5,D,21917,-4.737564322469984,583,-0.19362745098039225,816,0.1158442077896107,20001,-100.0,517
<1,True,False,ace four,6,D,21774,-8.083188908145582,577,-0.09925093632958805,534,0.13717802372326185,20149,-100.0,514
<1,True,False,ace four,7,D,26111,-5.509774436090222,665,-0.46224961479198773,649,-0.11111570247933883,24200,-100.0,597
<1,True,False,ace four,8,D,25676,-7.369230769230764,650,-0.6116207951070336,654,-0.23311978420298357,23726,-100.0,646
<1,True,False,ace four,9,S,24313,-6.061654135338338,665,-0.5078250760150249,22364,-0.5268817204301063,651,-100.0,633
<1,True,False,ace four,10,S,99639,-5.372509960159369,2510,-0.5379944180367221,91724,-0.5796002756719496,2902,-100.0,2503
<1,True,False,ace four,1,D,17791,-4.879807692307695,416,-0.5900783289817231,383,-0.5597335755373902,16515,-100.0,477
<1,True,False,ace five,2,D,21706,-4.7477148080438765,547,-0.32198952879581133,8022,-0.10079554494828927,12570,-100.0,567
<1,True,False,ace five,3,S,21927,-7.17699115044248,565,-0.25630646196376494,20257,-0.8287795992714029,549,-100.0,556
<1,True,False,ace five,4,D,21312,-4.195571955719559,542,-0.2538330494037479,587,0.05282192339038283,19632,-100.0,551
<1,True,False,ace five,5,D,20552,-3.9287128712871295,505,-0.15206971677559938,2295,0.11535788742182057,17268,-100.0,484
<1,True,False,ace five,6,D,21956,-3.4888475836431225,538,-0.26475849731663725,559,0.16743705743508963,20336,-100.0,523
<1,True,False,ace five,7,D,25025,-4.37763371150729,617,-0.4622124863088721,913,-0.08982688701870663,22933,-100.0,562
<1,True,False,ace five,8,D,24667,-5.119236883942769,629,-0.4876373626373625,728,-0.3500000000000013,22640,-100.0,670
<1,True,False,ace five,9,D,24983,-4.914027149321268,663,-0.5994371482176379,3198,-0.40262592737212133,20488,-100.0,634
<1,True,False,ace five,10,D,98771,-5.241183623834621,2467,-0.5501638809177385,73529,-0.5059500393391014,20336,-100.0,2439
<1,True,False,ace five,1,S,17005,-3.840749414519908,427,-0.6698604591344622,15551,-0.7848739495798329,595,-100.0,432
<1,True,False,ace six,2,D,21653,-6.452423698384201,557,-0.18168389955686856,677,-0.000855948844469072,19861,-100.0,558
<1,True,False,ace six,3,D,22143,-3.8065040650406523,615,-0.21052631578947356,532,0.049608993157380266,20460,-100.0,536
<1,True,False,ace six,4,D,21963,-6.804054054054052,592,-0.026776519052523186,971,0.08720813204508863,19872,-100.0,528
<1,True,False,ace six,5,D,21932,-6.738095238095236,546,-0.10262008733624463,916,0.1649944817899056,19934,-100.0,536
<1,True,False,ace six,6,D,21016,-3.2593917710196783,559,-0.13307240704501,511,0.2855452066073187,19433,-100.0,513
<1,True,False,ace six,7,D,25025,-5.408839779005529,724,-0.1799307958477511,2023,-0.010277301976760418,21601,-100.0,677
<1,True,False,ace six,8,D,24263,-6.617469879518072,664,-0.4137336093857836,2898,-0.2473487677371183,20085,-100.0,616
<1,True,False,ace six,9,D,23691,-6.2016393442622935,610,-0.4486133768352361,613,-0.3010762537210905,21835,-100.0,633
<1,True,False,ace six,10,S,99056,-5.999596774193551,2480,-0.408960479233593,87473,-0.4101796407185619,6680,-100.0,2423
<1,True,False,ace six,1,S,18334,-6.60851926977688,493,-0.5300782990642328,15709,-0.5822328931572627,1666,-100.0,466
<1,True,False,ace seven,2,S,25027,-5.435857805255024,647,0.142229488096454,9787,0.1403357727077061,13938,-100.0,655
<1,True,False,ace seven,3,S,23885,-5.741573033707869,623,0.14683648691987006,21827,0.08607594936708862,790,-100.0,645
<1,True,False,ace seven,4,S,24920,-4.79650238473768,629,0.1591991492116335,21627,0.14765432098765416,2025,-100.0,639
<1,True,False,ace seven,5,D,25740,-6.02225755166931,629,0.11410347271438681,1411,0.28685862740853085,23095,-100.0,605
<1,True,False,ace seven,6,D,24034,-4.217741935483871,620,0.16149068322981372,644,0.2879751115920491,22179,-100.0,591
<1,True,False,ace seven,7,S,25786,-4.6952104499274325,689,0.35780629907962486,23686,0.2131147540983605,732,-100.0,679
<1,True,False,ace seven,8,S,27019,-4.9080118694362005,674,0.09948003531835538,20386,0.042949448878753224,5262,-100.0,697
<1,True,False,ace seven,9,S,26511,-5.411188811188815,715,-0.16658395368072682,24180,-0.2271825396825396,1008,-100.0,608
<1,True,False,ace seven,10,S,106862,-5.463649851632044,2696,-0.16622831452521783,77183,-0.2991043790498989,24229,-100.0,2754
<1,True,False,ace seven,1,S,19705,-3.611222444889777,499,-0.13631119169276337,18201,-0.5337423312883436,489,-100.0,516
<1,True,False,ace eight,2,S,24902,-8.63299663299663,594,0.39502954466458035,23016,0.2266462480857582,653,-100.0,639
<1,True,False,ace eight,3,S,25242,-5.804651162790698,645,0.3869283321004313,22981,0.25651302605210413,998,-100.0,618
<1,True,False,ace eight,4,S,25247,-5.252631578947371,665,0.41448664498098975,21827,0.38270425226946997,2093,-100.0,662
<1,True,False,ace eight,5,S,24633,-4.93684210526316,665,0.42373254635950997,22703,0.24423963133640564,651,-100.0,614
<1,True,False,ace eight,6,S,25577,-5.500829187396348,603,0.49057429033810124,22863,0.34494535519125663,1464,-100.0,647
<1,True,False,ace eight,7,S,27378,-7.443267776096829,661,0.5796318921688411,25373,0.32890855457227103,678,-100.0,666
<1,True,False,ace eight,8,S,25925,-7.812307692307689,650,0.5605265350329045,24006,0.08766233766233769,616,-100.0,653
<1,True,False,ace eight,9,S,27041,-4.603498542274054,686,0.28720720720720705,24975,-0.14884979702300385,739,-100.0,641
<1,True,False,ace eight,10,S,105830,-6.052534221235657,2703,0.0856941162026942,97743,-0.10754648195406483,2743,-100.0,2641
<1,True,False,ace eight,1,S,19428,-4.721413721413722,481,0.2457146037399823,17968,-0.13141683778234098,487,-100.0,492
<1,True,True,four four,2,D,8527,-8.221698113207548,212,-0.3978201634877386,734,-0.2766996878816676,7369,-6.268867924528302,212
<1,True,True,four four,3,D,8713,-6.135371179039304,229,-0.3251282051282057,2925,-0.17289281021212696,5327,-5.41810344827586,232
<1,True,True,four four,4,D,8309,-5.649350649350646,231,-0.18894009216589852,217,-0.04939080309183811,7633,-6.13157894736842,228
<1,True,True,four four,5,D,8963,-3.8749999999999964,224,-0.2535460992907804,4512,0.042232277526395204,3978,-5.060240963855422,249
<1,True,True,four four,6,D,9127,-4.300000000000001,180,-0.38192419825072876,1029,0.037743241478385724,7657,-3.4827586206896544,261
<1,True,True,four four,7,D,10202,-6.562737642585555,263,-0.5184049079754609,326,-0.23387698539601337,9381,-4.176724137931037,232
<1,True,True,four four,8,D,9662,-5.3493975903614475,249,-0.4513274336283188,226,-0.44232281253509964,8903,-5.630281690140846,284
<1,True,True,four four,9,S,10060,-4.262096774193548,248,-0.5283322601416615,9318,-0.8893805309734514,226,-5.992537313432841,268
<1,True,True,four four,10,S,38828,-5.424657534246571,1022,-0.5174358255014696,35645,-0.6571194762684128,1222,-5.042598509052186,939
<1,True,True,four four,1,S,7501,-6.580000000000001,200,-0.7036342659359685,6934,-0.8743718592964824,199,-2.5952380952380962,168
<1,True,True,ace ace,2,D,12815,-7.254777070063694,314,-0.48208955223880645,670,-0.040316274220175564,11509,-4.950310559006202,322
<1,True,True,ace ace,3,D,12454,-9.0188679245283,318,-0.25625579240037066,2158,-0.031660631143300526,9665,-4.067092651757186,313
<1,True,True,ace ace,4,D,12942,-11.16901408450704,284,-0.20416666666666672,480,0.05512539976434951,11882,-4.64527027027027,296
<1,True,True,ace ace,5,D,12171,-8.423728813559313,295,-0.20114942528735597,348,0.018492176386913344,11248,-2.5571428571428547,280
<1,True,True,ace ace,6,D,13201,-3.321875000000004,320,-0.3916913946587542,337,0.1988203489800933,12207,-3.5311572700296763,337
<1,True,True,ace ace,7,D,14261,-6.326086956521738,368,-0.2690217391304347,368,-0.09115791074279689,13153,-5.021505376344088,372
<1,True,True,ace ace,8,D,14005,-6.901129943502822,354,-0.5049504950495053,303,-0.27386625672559584,13010,-3.245562130177514,338
<1,True,True,ace ace,9,S,13503,-5.505434782608694,368,-0.5412224302107942,12287,-0.564356435643564,505,-3.9446064139941717,343
<1,True,True,ace ace,10,D,52751,-5.488475836431222,1345,-0.5282186200458239,11783,-0.4768066788416358,38330,-4.665119876256766,1293
<1,True,True,ace ace,1,S,9734,-7.906137184115521,277,-0.6760341726618712,8896,-0.71311475409836,244,-5.239747634069399,317
<1,True,True,two two,2,S,8057,-4.905759162303666,191,-0.32063534796069526,7429,-0.7727272727272725,220,-5.539170506912444,217
<1,True,True,two two,3,S,8942,-6.446153846153853,195,-0.27352324577629783,8109,-0.5750636132315523,393,-6.46530612244898,245
<1,True,True,two two,4,S,8951,-8.004291845493567,233,-0.2726829268292684,8200,-0.46931407942238274,277,-9.634854771784234,241
<1,True,True,two two,5,S,8685,-8.07373271889401,217,-0.21171453656089337,7973,-0.3070539419087136,241,-4.783464566929132,254
<1,True,True,two two,6,S,8557,-5.26271186440678,236,-0.13699536730641973,7555,-0.20948616600790515,506,-3.680769230769229,260
<1,True,True,two two,7,S,9322,-6.904347826086954,230,-0.4545454545454536,8624,-0.8878048780487803,205,-4.718631178707227,263
<1,True,True,two two,8,S,9282,-4.1689497716894985,219,-0.48999884379697006,8649,-0.9758454106280191,207,-6.231884057971014,207
<1,True,True,two two,9,S,9078,-5.528888888888887,225,-0.5541636840849413,8382,-0.9527896995708157,233,-4.9873949579831915,238
<1,True,True,two two,10,S,39073,-5.556962025316445,948,-0.5493390971818196,36087,-1.1017441860465127,1032,-5.310139165009944,1006
<1,True,True,two two,1,S,7749,-9.291262135922326,206,-0.6711642787592168,7189,-1.3686868686868678,198,-7.615384615384614,156
<1,True,True,three three,2,S,8741,-4.801687763713084,237,-0.28596467574491097,7417,-0.38998835855646097,859,-4.276315789473686,228
<1,True,True,three three,3,S,7771,-3.417061611374408,211,-0.245359385903698,7165,-0.5395348837209303,215,-3.8277777777777775,180
<1,True,True,three three,4,S,7894,-2.617224880382775,209,-0.24386566141192575,7295,-0.5358851674641144,209,-8.320441988950275,181
<1,True,True,three three,5,S,8888,-4.765957446808511,235,-0.1631084543125533,8197,-0.613333333333333,225,-5.238095238095241,231
<1,True,True,three three,6,S,8528,-5.463414634146339,246,-0.2009231952814463,7799,-0.3153846153846154,260,-3.932735426008969,223
<1,True,True,three three,7,S,8989,-5.4765957446808535,235,-0.5034176759803302,8339,-1.086538461538462,208,-4.458937198067633,207
<1,True,True,three three,8,S,9840,-7.2648401826484,219,-0.5300287039081478,9058,-0.9743589743589745,273,-4.458620689655176,290
<1,True,True,three three,9,S,9598,-7.130044843049324,223,-0.5310945273631811,8844,-1.0229007633587788,262,-4.866171003717473,269
<1,True,True,three three,10,S,38017,-5.531618435155409,933,-0.5490547773602086,35124,-1.030581039755352,981,-4.390194075587335,979
<1,True,True,three three,1,S,8023,-7.841836734693876,196,-0.6655896607431339,7428,-1.4060913705583757,197,-5.589108910891088,202
<1,True,True,five five,2,D,8203,-3.56084656084656,189,-0.35885167464114853,209,0.200580245285507,7583,-3.5135135135135154,222
<1,True,True,five five,3,D,8731,-4.0414746543778834,217,-0.3827751196172248,209,0.34021387714498924,8042,-5.216730038022816,263
<1,True,True,five five,4,D,8855,-7.213114754098357,244,-0.3618677042801559,257,0.42247108048240417,8126,-4.548245614035086,228
<1,True,True,five five,5,D,8187,-4.638888888888888,216,-0.20866141732283497,3810,0.42914775592536475,3966,-7.04102564102564,195
<1,True,True,five five,6,D,8888,-5.957345971563985,211,-0.25449871465295604,778,0.508439094596362,7643,-3.1328125000000004,256
<1,True,True,five five,7,D,9904,-5.955999999999996,250,-0.4703832752613241,287,0.35729247051041874,9071,-7.94594594594594,296
<1,True,True,five five,8,D,9184,-5.790794979079501,239,-0.5461538461538465,260,0.23292035398230082,8475,-6.442857142857143,210
<1,True,True,five five,9,D,9719,-5.068965517241379,232,-0.596244131455399,213,0.11872650895423358,9046,-5.3859649122807,228
<1,True,True,five five,10,D,38550,-3.7941495124593723,923,-0.5164424514200284,1338,-0.0030879061729794073,35299,-6.364646464646463,990
<1,True,True,five five,1,D,6985,-4.443820224719108,178,-0.8181818181818179,176,-0.024066646096883665,6482,-6.570469798657714,149
<1,True,True,six six,2,S,8287,-3.0279069767441844,215,-0.23992094861660046,7590,-0.48561151079136733,278,-4.284313725490198,204
<1,True,True,six six,3,S,8059,-5.317972350230417,217,-0.22669404517453806,7305,-0.3569131832797431,311,-4.1415929203539825,226
<1,True,True,six six,4,S,8457,-2.1938775510204076,196,-0.227545675226779,7827,-0.2652173913043475,230,-6.725490196078431,204
<1,True,True,six six,5,S,8711,-7.297979797979799,198,-0.18218806509945784,2212,-0.37849391647484326,6082,-1.8264840182648394,219
<1,True,True,six six,6,S,8282,-6.178832116788327,274,-0.137764025292614,7433,-0.3037249283667622,349,-4.066371681415932,226
<1,True,True,six six,7,S,9718,-6.2766798418972325,253,-0.494713411240956,8985,-0.8047808764940239,251,-6.7860262008733585,229
<1,True,True,six six,8,S,10049,-4.288209606986896,229,-0.5329018338727076,9270,-0.5702479338842974,242,-4.746753246753246,308
<1,True,True,six six,9,S,9979,-2.735408560311286,257,-0.5191905094207956,8598,-0.607142857142857,868,-3.6874999999999987,256
<1,True,True,six six,10,S,38826,-3.3688524590163884,976,-0.5364146048924691,35851,-0.6385658914728682,1032,-5.292657704239911,967
<1,True,True,six six,1,S,6972,-4.8177777777777795,225,-0.6733344929552985,5749,-0.7439903846153847,832,-7.602409638554217,166
<1,True,True,seven seven,2,S,10948,-2.828571428571428,280,-0.294989623480581,10119,-0.6267605633802805,284,-7.116981132075471,265
<1,True,True,seven seven,3,S,10565,-1.5268817204301062,279,-0.24598320721467823,9647,-0.6699999999999999,300,-4.5929203539823,339
<1,True,True,seven seven,4,S,10458,-3.1631205673758855,282,-0.23013871374527106,7930,-0.6504559270516712,1974,-7.661764705882354,272
<1,True,True,seven seven,5,S,10425,-2.179487179487181,273,-0.1972376268703566,9557,-0.6054687499999998,256,-4.746312684365782,339
<1,True,True,seven seven,6,S,10069,-3.0965250965250974,259,-0.18316243928764067,9265,-0.5917602996254687,267,-2.514388489208633,278
<1,True,True,seven seven,7,S,10722,-2.916981132075471,265,-0.4598002622818527,9913,-0.764227642276423,246,-4.446308724832216,298
<1,True,True,seven seven,8,S,11599,-2.1795774647887343,284,-0.5455150765718626,10513,-0.6476377952755904,508,-10.11224489795919,294
<1,True,True,seven seven,9,S,12162,-3.703225806451614,310,-0.568823739721133,11188,-1.4923547400611599,327,-6.406528189910984,337
<1,True,True,seven seven,10,S,46609,-3.9727722772277225,1212,-0.5297518166833065,43073,-0.9198312236286921,1185,-5.592625109745395,1139
<1,True,True,seven seven,1,S,9533,-2.292418772563177,277,-0.663259446422417,8707,-0.9403508771929835,285,-5.704545454545454,264
<1,True,True,eight eight,2,S,10245,-3.721991701244815,241,-0.25701577888382987,9443,-0.685393258426966,267,-2.4795918367346927,294
<1,True,True,eight eight,3,S,9983,-3.0625,272,-0.27979105452171055,9189,-0.8515624999999996,256,-8.917293233082706,266
<1,True,True,eight eight,4,S,10387,-1.4094488188976377,254,-0.2926372712146411,9616,-0.9798387096774197,248,-5.405204460966543,269
<1,True,True,eight eight,5,S,10038,-1.6931818181818172,264,-0.22000000000000036,9300,-0.9383259911894278,227,-4.898785425101212,247
<1,True,True,eight eight,6,S,10708,-3.6456140350877195,285,-0.14615852422460987,9866,-0.6111111111111109,270,-4.456445993031357,287
<1,True,True,eight eight,7,S,12003,-2.0132625994694964,377,-0.45662100456621013,10950,-0.9011627906976745,344,-5.177710843373493,332
<1,True,True,eight eight,8,D,11057,-1.2538071065989842,394,-1.1278688524590155,305,-0.876625975585351,9994,-4.219780219780221,364
<1,True,True,eight eight,9,S,12139,-2.1744186046511587,430,-0.5499639249639257,11088,-0.9287925696594427,323,-3.932885906040267,298
<1,True,True,eight eight,10,S,46079,-2.6108202443280963,1146,-0.5506759928645178,42604,-1.0882352941176465,1156,-4.886615515771525,1173
<1,True,True,eight eight,1,S,8574,-3.0236486486486513,296,-0.670277848585266,7846,-0.9194312796208532,211,-3.5656108597285066,221
<1,True,True,nine nine,2,S,10802,-2.62372881355932,295,0.12811244979919628,9960,-1.1992619926199266,271,-0.7753623188405794,276
<1,True,True,nine nine,3,S,11307,-1.8117048346055995,393,0.10867029548989147,10288,-1.076687116564417,326,-4.513333333333337,300
<1,True,True,nine nine,4,S,10037,-2.573705179282867,251,0.15420510037981544,9215,-1.062730627306273,271,-9.416666666666668,300
<1,True,True,nine nine,5,S,10854,-0.9529411764705882,255,0.17990630917970768,10033,-1.260869565217391,276,-4.93103448275862,290
<1,True,True,nine nine,6,S,10294,-2.4296028880866407,277,0.3165664873985013,9483,-1.1771217712177124,271,-3.5969581749049433,263
<1,True,True,nine nine,7,S,11948,-2.4433656957928798,309,0.36794336540206807,11018,-1.0632911392405069,316,-5.177049180327874,305
<1,True,True,nine nine,8,S,11413,-0.9022801302931595,307,0.06419495543333963,10546,-1.1563636363636356,275,-4.164912280701756,285
<1,True,True,nine nine,9,S,10595,-1.5678670360110798,361,-0.17266335814722977,9672,-1.247422680412371,291,-4.402214022140226,271
<1,True,True,nine nine,10,S,47214,-1.6243567753001718,1166,-0.16333950744323014,43731,-1.205194805194805,1155,-3.7874354561101593,1162
<1,True,True,nine nine,1,S,8677,-0.9402390438247015,251,-0.14436354506653207,7966,-1.347457627118644,236,-1.0357142857142856,224
<1,True,True,ten ten,2,S,214503,-1.421501706484641,5274,0.6323897088475026,198384,-1.7568756875687586,5454,-3.6358746058245193,5391
<1,True,True,ten ten,3,S,213950,-1.2208149779735729,5448,0.6296862502910695,197546,-1.7328385899814438,5390,-3.4911965504850904,5566
<1,True,True,ten ten,4,S,214779,-1.2562103354487781,5515,0.6441507093182325,198289,-1.7139037433155062,5610,-2.9573159366262805,5365
<1,True,True,ten ten,5,S,212041,-1.1526237989652635,5412,0.6542079928127011,195901,-1.7265509601181694,5416,-3.5295557228915646,5312
<1,True,True,ten ten,6,S,214518,-1.472403219624375,5218,0.6818305515239451,198432,-1.7171336206896493,5568,-2.990754716981133,5300
<1,True,True,ten ten,7,S,226667,-1.160601400990945,5853,0.7561878115391297,209444,-1.7377049180327866,5795,-3.687892376681615,5575
<1,True,True,ten ten,8,S,228984,-1.375877808988763,5696,0.7681787937274991,211909,-1.7230470130788265,5658,-3.591330187030244,5721
<1,True,True,ten ten,9,S,227041,-1.1779807029634755,5804,0.739661569088763,209969,-1.6897472410110346,5618,-3.505663716814158,5650
<1,True,True,ten ten,10,S,868244,-1.2927730316324164,21655,0.5487916051240295,802966,-1.704411832785521,21601,-3.6770048133684567,22022
<1,True,True,ten ten,1,S,170663,-1.2624290578887702,4405,0.6286508158034888,157636,-1.7521426916840397,4317,-3.490127758420443,4305
>0,False,False,<8,2,S,91,-16.5,6,-0.2592592592592592,81,-100.0,1,-100.0,3
>0,False,False,<8,3,S,109,-6.166666666666666,18,-5.204170427930421e-18,84,-100.0,4,-100.0,3
>0,False,False,<8,4,S,111,-1.789473684210526,57,-0.14285714285714288,49,-100.0,4,-100.0,1
>0,False,False,<8,5,S,77,-2.7352941176470584,34,0.16666666666666669,36,-100.0,2,-100.0,5
>0,False,False,<8,6,H,102,-6.461538461538466,91,-100.0,1,-100.0,7,-100.0,3
>0,False,False,<8,7,S,93,-10.88888888888889,9,-0.5714285714285714,77,-100.0,4,-100.0,3
>0,False,False,<8,8,H,90,-0.1538461538461539,78,-1.0,5,-100.0,3,-100.0,4
>0,False,False,<8,9,S,93,-34.0,3,-0.5952380952380953,84,-100.0,2,-100.0,4
>0,False,False,<8,10,S,337,-1.0,4,-0.6089743589743591,312,-100.0,15,-100.0,6
>0,False,False,<8,1,S,65,-1.0,2,-0.3793103448275862,58,-100.0,3,-100.0,2
>0,False,False,8 (other composition),2,S,155,-16.5,12,0.022222222222222237,135,-100.0,7,-100.0,1
>0,False,False,8 (other composition),3,S,179,-9.9,10,0.006451612903225732,155,-100.0,8,-100.0,6
>0,False,False,8 (other composition),4,S,162,-33.0,6,-0.3422818791946309,149,-100.0,4,-100.0,3
>0,False,False,8 (other composition),5,S,156,-0.12499999999999997,8,0.11678832116788332,137,-100.0,5,-100.0,6
>0,False,False,8 (other composition),6,S,169,-6.466666666666666,15,-0.06944444444444442,144,-100.0,2,-100.0,8
>0,False,False,8 (other composition),7,S,132,-39.4,5,-0.34426229508196726,122,-100.0,1,-100.0,4
>0,False,False,8 (other composition),8,S,147,-5.894736842105264,19,-0.5737704918032787,122,-100.0,2,-100.0,4
>0,False,False,8 (other composition),9,S,121,-5.888888888888888,18,-0.5531914893617019,94,-100.0,6,-100.0,3
>0,False,False,8 (other composition),10,S,436,-3.9999999999999996,29,-0.5755208333333328,384,-100.0,11,-100.0,12
>0,False,False,8 (other composition),1,S,78,-9.454545454545457,11,-0.7666666666666665,60,-100.0,4,-100.0,3
>0,False,False,9,2,S,269,-0.8351648351648349,91,-0.41975308641975273,162,-100.0,12,-100.0,4
>0,False,False,9,3,S,268,-11.874999999999998,8,-0.30290456431535256,241,-100.0,4,-100.0,15
>0,False,False,9,4,S,218,-40.2,5,-0.11822660098522161,203,-100.0,7,-100.0,3
>0,False,False,9,5,S,253,-2.7012987012987013,77,-0.16049382716049376,162,-100.0,7,-100.0,7
>0,False,False,9,6,S,296,-14.428571428571427,7,-0.12773722627737233,274,-100.0,3,-100.0,12
>0,False,False,9,7,S,238,-2.5476190476190474,42,-0.6467391304347827,184,-100.0,7,-100.0,5
>0,False,False,9,8,S,272,-2.914285714285714,35,-0.5398230088495576,226,-100.0,6,-100.0,5
>0,False,False,9,9,S,298,-2.6842105263157894,38,-0.49586776859504117,242,-100.0,8,-100.0,10
>0,False,False,9,10,S,874,-2.5783132530120474,83,-0.5464333781965007,743,-100.0,25,-100.0,23
>0,False,False,9,1,S,179,-7.923076923076923,13,-0.6580645161290324,155,-100.0,2,-100.0,9
>0,False,False,10,2,S,443,-4.363636363636363,22,-0.3358778625954197,393,-100.0,19,-100.0,9
>0,False,False,10,3,S,420,-4.94736842105263,19,-0.33246073298429357,382,-100.0,8,-100.0,11
>0,False,False,10,4,S,435,-2.297297297297297,37,-0.3209549071618035,377,-100.0,8,-100.0,13
>0,False,False,10,5,S,430,-2.749999999999999,68,-0.09451219512195128,328,-100.0,16,-100.0,18
>0,False,False,10,6,S,453,-9.18181818181818,22,-0.19512195121951212,410,-100.0,14,-100.0,7
>0,False,False,10,7,S,361,-4.550000000000002,20,-0.38961038961038935,308,-100.0,19,-100.0,14
>0,False,False,10,8,S,383,-9.899999999999999,10,-0.5260115606936414,346,-100.0,16,-100.0,11
>0,False,False,10,9,S,359,-6.666666666666668,15,-0.5329153605015675,319,-100.0,9,-100.0,16
>0,False,False,10,10,S,1377,-9.06818181818182,44,-0.56120826709062,1258,-100.0,39,-100.0,36
>0,False,False,10,1,S,238,-12.875000000000002,8,-0.7181818181818179,220,-100.0,6,-100.0,4
>0,False,False,11,2,S,520,-14.142857142857144,14,-0.20739219712525664,487,-100.0,9,-100.0,10
>0,False,False,11,3,S,590,-3.9600000000000004,25,-0.21550094517958404,529,-100.0,21,-100.0,15
>0,False,False,11,4,S,580,-1.3636363636363635,66,-0.12883435582822086,489,-100.0,13,-100.0,12
>0,False,False,11,5,S,609,-3.708333333333333,24,-0.050092764378478656,539,-100.0,21,-100.0,25
>0,False,False,11,6,S,512,-7.999999999999999,12,-0.027426160337552772,474,-100.0,17,-100.0,9
>0,False,False,11,7,S,610,-3.9782608695652164,46,-0.511152416356877,538,-100.0,18,-100.0,8
>0,False,False,11,8,S,545,-8.416666666666668,12,-0.41764705882352976,510,-100.0,13,-100.0,10
>0,False,False,11,9,S,549,-6.5333333333333306,15,-0.44422310756972083,502,-100.0,18,-100.0,14
>0,False,False,11,10,S,1835,-9.609756097560973,41,-0.5149911816578483,1701,-100.0,54,-100.0,39
>0,False,False,11,1,S,341,-4.636363636363636,22,-0.6535947712418299,306,-100.0,9,-100.0,4
>0,False,False,12,2,S,1349,-1.946153846153846,130,-0.26843910806174975,1166,-100.0,18,-100.0,35
>0,False,False,12,3,S,1442,-2.5111111111111106,45,-0.2838855421686753,1328,-100.0,41,-100.0,28
>0,False,False,12,4,S,1439,-0.3777777777777778,45,-0.15402124430955985,1318,-100.0,38,-100.0,38
>0,False,False,12,5,S,1364,-3.451612903225806,62,-0.16854838709677433,1240,-100.0,26,-100.0,36
>0,False,False,12,6,S,1358,-0.2894736842105262,38,-0.11868484362469936,1247,-100.0,34,-100.0,39
>0,False,False,12,7,S,1316,-5.1739130434782625,23,-0.4534212695795546,1213,-100.0,43,-100.0,37
>0,False,False,12,8,S,1226,-1.4074074074074072,81,-0.47716682199440824,1073,-100.0,37,-100.0,35
>0,False,False,12,9,S,1229,-3.382352941176471,34,-0.5792736935341006,1129,-100.0,32,-100.0,34
>0,False,False,12,10,S,4308,-8.54054054054054,111,-0.5397941250313834,3983,-100.0,112,-100.0,102
>0,False,False,12,1,S,781,-3.3428571428571425,35,-0.6166902404526166,707,-100.0,18,-100.0,21
>0,False,False,13,2,S,1740,-0.34328358208955223,67,-0.22236180904522654,1592,-100.0,46,-100.0,35
>0,False,False,13,3,S,1723,-3.6774193548387104,31,-0.18266832917705716,1604,-100.0,42,-100.0,46
>0,False,False,13,4,S,1722,-2.4615384615384612,52,-0.1659361302442079,1597,-100.0,41,-100.0,32
>0,False,False,13,5,S,1789,-0.7463768115942028,138,-0.16271620755925684,1561,-100.0,44,-100.0,46
>0,False,False,13,6,S,1843,-5.368421052631579,38,-0.13462669018224557,1701,-100.0,47,-100.0,57
>0,False,False,13,7,S,1792,-10.589743589743591,39,-0.4767932489451473,1659,-100.0,49,-100.0,45
>0,False,False,13,8,S,1609,-6.932203389830509,59,-0.5481228668941994,1465,-100.0,52,-100.0,33
>0,False,False,13,9,S,1609,-1.25,124,-0.5679542203147357,1398,-100.0,39,-100.0,48
>0,False,False,13,10,S,5463,-3.229166666666668,144,-0.5649324861000826,5036,-100.0,142,-100.0,141
>0,False,False,13,1,S,942,-2.3333333333333335,51,-0.673444976076555,836,-100.0,29,-100.0,26
>0,False,False,14,2,S,2061,-4.520833333333332,48,-0.4030478192327903,1903,-100.0,58,-100.0,52
>0,False,False,14,3,S,2162,-2.717391304347826,46,-0.22706990580069406,2017,-100.0,50,-100.0,49
>0,False,False,14,4,S,2107,-0.44897959183673464,49,-0.21732444900051276,1951,-100.0,53,-100.0,54
>0,False,False,14,5,S,2130,-1.6056338028169017,71,-0.11230769230769246,1950,-100.0,60,-100.0,49
>0,False,False,14,6,S,2193,-1.1250000000000002,120,-0.1511627906976744,1978,-100.0,49,-100.0,46
>0,False,False,14,7,S,1972,-2.0172413793103448,58,-0.4765063571033717,1809,-100.0,57,-100.0,48
>0,False,False,14,8,S,1893,-3.4838709677419355,31,-0.5169300225733641,1772,-100.0,44,-100.0,46
>0,False,False,14,9,S,1998,-6.126760563380278,71,-0.5343218012081263,1821,-100.0,51,-100.0,55
>0,False,False,14,10,S,6482,-4.354838709677417,155,-0.566426537108392,5969,-100.0,177,-100.0,181
>0,False,False,14,1,S,1227,-2.5,52,-0.6800000000000004,1125,-100.0,27,-100.0,23
>0,False,False,15,2,S,2441,-1.2500000000000004,120,-0.31012368300503895,2183,-100.0,65,-100.0,73
>0,False,False,15,3,S,2526,-1.7777777777777777,72,-0.22169608265174337,2323,-100.0,73,-100.0,58
>0,False,False,15,4,S,2516,-2.027777777777778,72,-0.13469034213945438,2309,-100.0,71,-100.0,64
>0,False,False,15,5,S,2447,-1.8484848484848484,66,-0.14273088820150237,2263,-100.0,60,-100.0,58
>0,False,False,15,6,S,2491,-1.436936936936937,222,-0.21271622253389472,2139,-100.0,66,-100.0,64
>0,False,False,15,7,S,2237,-12.500000000000004,74,-0.49075875486381354,2056,-100.0,51,-100.0,56
>0,False,False,15,8,S,2432,-2.125,64,-0.5496250551389494,2267,-100.0,53,-100.0,48
>0,False,False,15,9,S,2288,-8.915492957746476,71,-0.5703238279361997,2069,-100.0,81,-100.0,67
>0,False,False,15,10,S,7529,-2.419475655430712,267,-0.5540954883924678,6849,-100.0,236,-100.0,177
>0,False,False,15,1,S,1350,-3.838709677419355,62,-0.6832504145936968,1206,-100.0,46,-100.0,36
>0,False,False,16,2,S,2767,-2.1043478260869577,115,-0.3069823434991972,2492,-100.0,90,-100.0,70
>0,False,False,16,3,S,2768,-1.7499999999999998,80,-0.2459913961673835,2557,-100.0,71,-100.0,60
>0,False,False,16,4,S,2761,-1.3333333333333333,111,-0.17964071856287409,2505,-100.0,67,-100.0,78
>0,False,False,16,5,S,2788,-4.460526315789475,76,-0.1462941404734187,2577,-100.0,67,-100.0,68
>0,False,False,16,6,S,2821,-1.031007751937985,129,-0.16562255285826183,2554,-100.0,73,-100.0,65
>0,False,False,16,7,S,2408,-1.8382352941176472,68,-0.462302483069977,2215,-100.0,59,-100.0,66
>0,False,False,16,8,S,2563,-3.5149700598802402,167,-0.5198763250883394,2264,-100.0,71,-100.0,61
>0,False,False,16,9,S,2500,-0.7454545454545455,55,-0.5787878787878783,2310,-100.0,70,-100.0,65
>0,False,False,16,10,S,8149,-2.0047619047619034,210,-0.5969873150105719,7568,-100.0,198,-100.0,173
>0,False,False,16,1,S,1568,-2.3565217391304354,115,-0.6471861471861471,1386,-100.0,28,-100.0,39
>0,False,False,>16,2,S,16725,-1.8952380952380958,420,0.40339593516851163,15548,-100.0,383,-100.0,374
>0,False,False,>16,3,S,16207,-1.579326923076923,416,0.44234856535600486,15056,-100.0,360,-100.0,375
>0,False,False,>16,4,S,16741,-1.9508599508599505,407,0.46273875040466167,15445,-100.0,450,-100.0,439
>0,False,False,>16,5,S,16714,-2.554726368159201,402,0.4629533678756473,15440,-100.0,433,-100.0,439
>0,False,False,>16,6,S,16657,-2.6365795724465566,421,0.5222302017366317,15317,-100.0,512,-100.0,407
>0,False,False,>16,7,S,15326,-1.0053050397877978,377,0.563656837215847,14209,-100.0,389,-100.0,351
>0,False,False,>16,8,S,15204,-1.8494182067077325,1461,0.4333743652869687,12998,-100.0,376,-100.0,369
>0,False,False,>16,9,S,14900,-1.0216216216216214,370,0.3006636038795326,13713,-100.0,437,-100.0,380
>0,False,False,>16,10,S,48911,-2.39175257731959,1164,0.22144450087217699,45289,-100.0,1209,-100.0,1249
>0,False,False,>16,1,S,9440,-1.5641025641025652,234,0.2812714383718256,8746,-100.0,228,-100.0,232
>0,False,False,ace two,2,S,15,-9.272727272727272,11,0.0,2,-100.0,1,-100.0,1
>0,False,False,ace two,3,H,16,0.33333333333333337,9,0.2,5,-100.0,1,-100.0,1
>0,False,False,ace two,4,S,4,-1.0,1,1.0,1,-100.0,1,-100.0,1
>0,False,False,ace two,5,H,12,0.7142857142857143,7,0.0,2,-100.0,2,-100.0,1
>0,False,False,ace two,6,H,15,0.0833333333333333,12,-1.0,1,-100.0,1,-100.0,1
>0,False,False,ace two,7,H,14,-0.09090909090909094,11,-1.0,1,-100.0,1,-100.0,1
>0,False,False,ace two,8,S,11,0.0,2,2.7755575615628914e-17,6,-100.0,1,-100.0,2
>0,False,False,ace two,9,H,9,0.5,4,-1.0,3,-100.0,1,-100.0,1
>0,False,False,ace two,10,S,64,-33.33333333333333,3,-0.5185185185185185,54,-100.0,4,-100.0,3
>0,False,False,ace two,1,S,12,-100.0,1,-0.5555555555555556,9,-100.0,1,-100.0,1
>0,False,False,ace three,2,S,70,-11.333333333333334,9,-0.34615384615384626,52,-100.0,5,-100.0,4
>0,False,False,ace three,3,S,59,-8.083333333333332,12,0.0909090909090909,44,-100.0,1,-100.0,2
>0,False,False,ace three,4,S,65,-4.409090909090909,22,0.027027027027027018,37,-100.0,3,-100.0,3
>0,False,False,ace three,5,S,73,-11.11111111111111,9,-0.16363636363636358,55,-100.0,3,-100.0,6
>0,False,False,ace three,6,S,42,-7.6923076923076925,13,-0.39130434782608703,23,-100.0,4,-100.0,2
>0,False,False,ace three,7,H,63,-0.11864406779661021,59,-1.0,1,-100.0,2,-100.0,1
>0,False,False,ace three,8,S,63,-49.5,2,-0.3818181818181819,55,-100.0,4,-100.0,2
>0,False,False,ace three,9,S,45,-1.0,5,-0.4054054054054054,37,-100.0,2,-100.0,1
>0,False,False,ace three,10,S,156,-0.625,8,-0.5820895522388058,134,-100.0,4,-100.0,10
>0,False,False,ace three,1,H,41,-0.5714285714285715,35,-1.0,2,-100.0,2,-100.0,2
>0,False,False,ace four,2,S,138,-3.875,24,-0.4074074074074075,108,-100.0,3,-100.0,3
>0,False,False,ace four,3,S,145,-0.6759259259259258,108,-0.5652173913043479,23,-100.0,9,-100.0,5
>0,False,False,ace four,4,H,98,0.016666666666666715,60,-2.7755575615628914e-17,30,-100.0,4,-100.0,4
>0,False,False,ace four,5,S,125,-11.874999999999998,8,-0.14018691588785043,107,-100.0,4,-100.0,6
>0,False,False,ace four,6,S,110,-1.836734693877551,49,0.018867924528301903,53,-100.0,6,-100.0,2
>0,False,False,ace four,7,S,132,-2.3023255813953485,43,-0.5294117647058824,85,-100.0,3,-100.0,1
>0,False,False,ace four,8,S,124,-1.0,3,-0.5675675675675675,111,-100.0,5,-100.0,5
>0,False,False,ace four,9,S,121,-12.9375,16,-0.4639175257731958,97,-100.0,6,-100.0,2
>0,False,False,ace four,10,S,379,-11.222222222222221,9,-0.5170454545454543,352,-100.0,8,-100.0,10
>0,False,False,ace four,1,S,63,-16.999999999999996,6,-0.6530612244897958,49,-100.0,4,-100.0,4
>0,False,False,ace five,2,S,204,-2.439024390243902,41,-0.29487179487179466,156,-100.0,5,-100.0,2
>0,False,False,ace five,3,S,211,-0.3333333333333333,6,-0.09947643979057587,191,-100.0,7,-100.0,7
>0,False,False,ace five,4,S,189,-6.312499999999999,16,-0.2919254658385092,161,-100.0,4,-100.0,8
>0,False,False,ace five,5,S,247,-14.428571428571429,7,-0.18614718614718612,231,-100.0,5,-100.0,4
>0,False,False,ace five,6,S,201,-0.4285714285714286,7,-0.1290322580645161,186,-100.0,4,-100.0,4
>0,False,False,ace five,7,S,213,-1.25,76,-0.5590551181102359,127,-100.0,5,-100.0,5
>0,False,False,ace five,8,S,186,-1.864406779661017,59,-0.622950819672131,122,-100.0,4,-100.0,1
>0,False,False,ace five,9,S,183,-7.6923076923076925,13,-0.6521739130434779,161,-100.0,5,-100.0,4
>0,False,False,ace five,10,S,638,-13.266666666666666,15,-0.5591216216216219,592,-100.0,16,-100.0,15
>0,False,False,ace five,1,S,118,-11.666666666666666,9,-0.7058823529411767,102,-100.0,4,-100.0,3
>0,False,False,ace six,2,S,296,-1.639344262295082,61,-0.022727272727272672,220,-100.0,5,-100.0,10
>0,False,False,ace six,3,S,272,-1.0,3,-0.10344827586206892,261,-100.0,2,-100.0,6
>0,False,False,ace six,4,S,277,-2.5128205128205123,39,0.022321428571428593,224,-100.0,11,-100.0,3
>0,False,False,ace six,5,S,246,-3.5333333333333328,30,0.07462686567164178,201,-100.0,5,-100.0,10
>0,False,False,ace six,6,S,265,-4.666666666666666,42,-0.09615384615384616,208,-100.0,5,-100.0,10
>0,False,False,ace six,7,S,247,-6.066666666666665,15,-0.18018018018018023,222,-100.0,4,-100.0,6
>0,False,False,ace six,8,S,248,-4.739130434782608,23,-0.4000000000000004,220,-100.0,2,-100.0,3
>0,False,False,ace six,9,S,268,-0.625,8,-0.4367346938775508,245,-100.0,4,-100.0,11
>0,False,False,ace six,10,S,802,-4.863636363636362,22,-0.46071904127829516,751,-100.0,13,-100.0,16
>0,False,False,ace six,1,S,136,-0.8333333333333334,6,-0.3658536585365853,123,-100.0,3,-100.0,4
>0,False,False,ace seven,2,S,372,-7.111111111111109,27,0.2870370370370368,324,-100.0,10,-100.0,11
>0,False,False,ace seven,3,S,340,-7.692307692307692,13,0.17049180327868854,305,-100.0,8,-100.0,14
>0,False,False,ace seven,4,S,295,-3.1333333333333337,30,0.1910569105691057,246,-100.0,13,-100.0,6
>0,False,False,ace seven,5,S,321,-25.125,8,0.26621160409556294,293,-100.0,14,-100.0,6
>0,False,False,ace seven,6,S,359,0.1578947368421053,19,0.3374999999999999,320,-100.0,8,-100.0,12
>0,False,False,ace seven,7,S,312,0.0,9,0.4270833333333333,288,-100.0,9,-100.0,6
>0,False,False,ace seven,8,S,340,-0.4,10,0.09206349206349212,315,-100.0,9,-100.0,6
>0,False,False,ace seven,9,S,290,-6.437499999999999,16,-0.14671814671814665,259,-100.0,10,-100.0,5
>0,False,False,ace seven,10,S,1061,-0.22413793103448276,58,-0.17052631578947372,950,-100.0,28,-100.0,25
>0,False,False,ace seven,1,S,191,-20.6,5,-0.10734463276836162,177,-100.0,4,-100.0,5
>0,False,False,ace eight,2,S,431,-3.913043478260869,23,0.4078947368421052,380,-100.0,16,-100.0,12
>0,False,False,ace eight,3,S,415,0.11111111111111109,18,0.44444444444444436,369,-100.0,16,-100.0,12
>0,False,False,ace eight,4,S,438,-5.88235294117647,17,0.40100250626566425,399,-100.0,15,-100.0,7
>0,False,False,ace eight,5,S,397,-11.11111111111111,9,0.39945652173913077,368,-100.0,8,-100.0,12
>0,False,False,ace eight,6,S,429,-0.6,5,0.5386533665835412,401,-100.0,9,-100.0,14
>0,False,False,ace eight,7,S,428,-12.874999999999998,8,0.6044776119402988,402,-100.0,6,-100.0,12
>0,False,False,ace eight,8,S,446,-28.71428571428572,7,0.5739348370927322,399,-100.0,26,-100.0,14
>0,False,False,ace eight,9,S,381,-4.038461538461539,26,0.26646706586826363,334,-100.0,12,-100.0,9
>0,False,False,ace eight,10,S,1221,-10.349999999999998,20,0.014886164623467604,1142,-100.0,29,-100.0,30
>0,False,False,ace eight,1,S,221,-20.6,5,0.351219512195122,205,-100.0,5,-100.0,6
>0,False,False,blackjack,2,S,73085,-100.0,1829,1.5,67694,-100.0,1774,-100.0,1788
>0,False,False,blackjack,3,S,73465,-100.0,1816,1.5,67897,-100.0,1832,-100.0,1920
>0,False,False,blackjack,4,S,71015,-100.0,1781,1.5,65678,-100.0,1734,-100.0,1822
>0,False,False,blackjack,5,S,74359,-100.0,1836,1.5,68783,-100.0,1824,-100.0,1916
>0,False,False,blackjack,6,S,72570,-100.0,1842,1.5,67002,-100.0,1878,-100.0,1848
>0,False,False,blackjack,7,S,65808,-100.0,1652,1.5,60812,-100.0,1661,-100.0,1683
>0,False,False,blackjack,8,S,64605,-100.0,1608,1.5,59778,-100.0,1597,-100.0,1622
>0,False,False,blackjack,9,S,67048,-100.0,1659,1.5,62022,-100.0,1683,-100.0,1684
>0,False,False,blackjack,10,S,217009,-100.0,5540,1.5,200649,-100.0,5379,-100.0,5441
>0,False,False,blackjack,1,S,39009,-100.0,920,1.5,36167,-100.0,975,-100.0,947
>0,True,False,<8,2,S,106702,-4.577852099591228,2691,-0.28656991005723614,97840,-0.4661610268378067,3428,-100.0,2743
>0,True,False,<8,3,S,104957,-5.092710280373824,2675,-0.24985830439308127,97039,-0.45580007459902966,2681,-100.0,2562
>0,True,False,<8,4,S,108027,-5.138868205510053,2686,-0.1914051541020406,99804,-0.32381959126145193,2838,-100.0,2699
>0,True,False,<8,5,S,107882,-6.07803254437869,2704,-0.14712910218279077,99185,-0.17276674937965256,3224,-100.0,2769
>0,True,False,<8,6,D,107414,-5.431979127841972,2683,-0.16097987751531082,4572,-0.14228872047829388,97513,-100.0,2646
>0,True,False,<8,7,S,100764,-6.174003322259142,2408,-0.4782389478314091,93217,-0.790160268356318,2683,-100.0,2456
>0,True,False,<8,8,S,100389,-5.168216740800653,2473,-0.5218335914644655,92976,-0.9361445783132539,2490,-100.0,2450
>0,True,False,<8,9,S,99851,-5.179289026275117,2588,-0.5419295292904122,92095,-1.0011890606420937,2523,-100.0,2645
>0,True,False,<8,10,S,338790,-5.795225086114718,8419,-0.5540997315680535,313301,-1.0273763365056943,8511,-100.0,8559
>0,True,False,<8,1,S,62303,-6.3425449871465345,1556,-0.677425502425508,57720,-1.2488917036098792,1579,-100.0,1448
>0,True,False,six two,2,D,26190,-4.344720496894413,644,-0.2817405673368221,10893,-0.2103188821211035,13955,-100.0,698
>0,True,False,six two,3,D,27274,-4.646288209606992,687,-0.23310023310023306,1287,-0.06694271911663179,24633,-100.0,667
>0,True,False,six two,4,D,26721,-5.482602118003027,661,-0.23301858056655558,3283,-0.01791758812113539,22157,-100.0,620
>0,True,False,six two,5,D,27517,-5.184971098265894,692,-0.10661764705882362,1088,0.0884884884884887,24975,-100.0,762
>0,True,False,six two,6,D,26876,-3.724386724386722,693,-0.16157461809635645,8510,0.13837475762383167,17019,-100.0,654
>0,True,False,six two,7,D,25235,-7.251177394034546,637,-0.5829103214890023,1182,-0.09946955416246582,22811,-100.0,605
>0,True,False,six two,8,D,24473,-5.669316375198734,629,-0.5321419045078691,3749,-0.39369554074833296,19510,-100.0,585
>0,True,False,six two,9,S,24641,-5.004615384615382,650,-0.49420423994005963,22689,-0.6283987915407856,662,-100.0,640
>0,True,False,six two,10,S,86014,-4.728685821950075,2123,-0.5541986654916239,79430,-0.7365243639499768,2319,-100.0,2142
>0,True,False,six two,1,S,15503,-5.72397094430993,413,-0.6324667177807202,14347,-0.7634408602150536,372,-100.0,371
>0,True,False,five three,2,D,26355,-7.116279069767445,688,-0.26597744360902265,1064,-0.17160529945250064,23927,-100.0,676
>0,True,False,five three,3,D,25990,-4.384384384384385,666,-0.20387359836901114,1962,-0.1056849707164565,22709,-100.0,653
>0,True,False,five three,4,D,26771,-5.690100430416066,697,-0.20588235294117627,612,0.031840193704600575,24780,-100.0,682
>0,True,False,five three,5,D,25753,-8.216101694915247,708,-0.1669024045261671,707,0.07120821535730855,23663,-100.0,675
>0,True,False,five three,6,D,26700,-5.069405099150145,706,-0.12482662968099861,721,0.13557183557183536,24570,-100.0,703
>0,True,False,five three,7,D,24953,-4.62876254180602,598,-0.4350758853288364,593,-0.19280805635994283,23137,-100.0,625
>0,True,False,five three,8,D,24187,-6.064516129032261,651,-0.5241423125794137,4722,-0.4424069397167001,18214,-100.0,600
>0,True,False,five three,9,S,24423,-3.974093264248706,579,-0.5526865472645676,22501,-0.8145604395604393,728,-100.0,615
>0,True,False,five three,10,S,86153,-5.195323246217332,2181,-0.5666670849699419,79687,-0.8079470198675498,2114,-100.0,2171
>0,True,False,five three,1,S,15734,-5.7241379310344875,377,-0.6722919667970066,14577,-0.6924999999999999,400,-100.0,380
>0,True,False,four four,2,?,0,,0,,0,,0,,0
>0,True,False,four four,3,?,0,,0,,0,,0,,0
>0,True,False,four four,4,?,0,,0,,0,,0,,0
>0,True,False,four four,5,?,0,,0,,0,,0,,0
>0,True,False,four four,6,?,0,,0,,0,,0,,0
>0,True,False,four four,7,?,0,,0,,0,,0,,0
>0,True,False,four four,8,?,0,,0,,0,,0,,0
>0,True,False,four four,9,?,0,,0,,0,,0,,0
>0,True,False,four four,10,?,0,,0,,0,,0,,0
>0,True,False,four four,1,?,0,,0,,0,,0,,0
>0,True,False,9,2,D,77831,-4.966768916155418,1956,-0.2620116375727346,6015,0.11280209590533151,67942,-100.0,1918
>0,True,False,9,3,D,77858,-5.317120622568089,2056,-0.2787750791974658,1894,0.16672688363302704,71962,-100.0,1946
>0,True,False,9,4,D,77789,-4.884990253411301,2052,-0.24895833333333342,1920,0.24301652662622986,71884,-100.0,1933
>0,True,False,9,5,D,78380,-4.445080687142106,1921,-0.1392075078206465,1918,0.29989395254032203,72609,-100.0,1932
>0,True,False,9,6,D,77829,-5.719047619047626,1890,-0.14673629242819822,1915,0.37056641520443523,71979,-100.0,2045
>0,True,False,9,7,D,72861,-4.792816241540869,1921,-0.4900346620450612,2308,0.14080086094793914,66903,-100.0,1729
>0,True,False,9,8,D,72550,-4.646864686468649,1818,-0.5219700627716082,2071,-0.0418238428836595,66804,-100.0,1857
>0,True,False,9,9,D,73314,-4.693732970027245,1835,-0.5647466435686447,2309,-0.2843974052577661,67367,-100.0,1803
>0,True,False,9,10,D,243325,-5.571754357387209,6139,-0.5687804878048754,12300,-0.4667955273463426,218841,-100.0,6045
>0,True,False,9,1,D,44075,-5.64450127877238,1173,-0.6552680221811454,2164,-0.38381821398781807,39563,-100.0,1175
>0,True,False,10,2,D,75978,-4.595700052438398,1907,-0.35082140964493924,1887,0.413934426229512,70272,-100.0,1912
>0,True,False,10,3,D,76439,-4.2406054279749545,1916,-0.2380952380952383,2016,0.4841058476881234,70592,-100.0,1915
>0,True,False,10,4,D,76829,-6.070696721311482,1952,-0.19602718243596443,1913,0.5264684758270107,71009,-100.0,1955
>0,True,False,10,5,D,77929,-5.2390670553935905,2058,-0.18609304652326142,1999,0.56966198358603,71890,-100.0,1982
>0,True,False,10,6,D,74891,-6.085258525852584,1818,-0.1160372194854954,1827,0.6229751328312902,69449,-100.0,1797
>0,True,False,10,7,D,71736,-4.718884120171678,1864,-0.48517940717628727,1923,0.46402480526355316,66115,-100.0,1834
>0,True,False,10,8,D,68632,-6.020195838433288,1634,-0.568401937046004,1652,0.3183111432478676,63617,-100.0,1729
>0,True,False,10,9,D,70332,-6.262359550561797,1780,-0.5241419429901104,1719,0.19050185558755042,64939,-100.0,1894
>0,True,False,10,10,D,230538,-5.360800271278407,5898,-0.5460166048401324,5661,-0.007567689297795157,213143,-100.0,5836
>0,True,False,10,1,D,42302,-5.753623188405787,1104,-0.6515004840271053,1033,0.07404277116148043,39045,-100.0,1120
>0,True,False,11,2,D,100862,-4.833862014274396,2522,-0.303054032889585,2554,0.5300306413250806,93338,-100.0,2448
>0,True,False,11,3,D,100452,-4.810472840953484,2559,-0.21911764705882322,2720,0.5909424117634375,92762,-100.0,2411
>0,True,False,11,4,D,100351,-4.30876109610189,2591,-0.18188945511564109,2551,0.5861277531140945,92804,-100.0,2405
>0,True,False,11,5,D,102144,-5.043409000398248,2511,-0.12389380530973466,2599,0.6692421676545229,94480,-100.0,2554
>0,True,False,11,6,D,103258,-4.518867924528305,2650,-0.20011771630370725,6796,0.680350396934025,91325,-100.0,2487
>0,True,False,11,7,D,94557,-4.206983592763987,2377,-0.46118192352259546,2589,0.511757553511206,87178,-100.0,2413
>0,True,False,11,8,D,93735,-4.510442773600676,2394,-0.5638031693077563,2398,0.40670474871617346,86655,-100.0,2288
>0,True,False,11,9,D,93517,-6.147463456577812,2326,-0.5772089182493804,2422,0.26864635289488437,86411,-100.0,2358
>0,True,False,11,10,D,306570,-5.082191780821909,7738,-0.5340145200322675,7438,0.18217509136596113,283749,-100.0,7645
>0,True,False,11,1,D,56303,-4.838645418326692,1506,-0.6493506493506487,1848,0.17505143433873,51522,-100.0,1427
>0,True,False,12,2,S,164125,-3.752057869792969,4009,-0.2828178331861718,151762,-0.4255268766279895,4223,-100.0,4131
>0,True,False,12,3,S,165949,-3.2312695735967267,4151,-0.23546670839527545,153372,-0.44749823819591306,4257,-100.0,4169
>0,True,False,12,4,S,167681,-3.933617828354666,4218,-0.19691778616417138,155278,-0.4115226337448552,4131,-100.0,4054
>0,True,False,12,5,S,165596,-3.7799304520616155,4026,-0.12344897359746765,153205,-0.4340161981896147,4198,-100.0,4167
>0,True,False,12,6,S,168482,-4.1102270067867845,4273,-0.14265666151884096,156053,-0.35125361620057755,4148,-100.0,4008
>0,True,False,12,7,S,150919,-3.5662460567823344,3804,-0.48657569624293595,137847,-0.558074707303475,5381,-100.0,3887
>0,True,False,12,8,S,150395,-3.82291943632012,3761,-0.5267075652855636,139043,-0.6779388083735911,3726,-100.0,3865
>0,True,False,12,9,S,149619,-3.5914209115281497,3730,-0.5650540364111167,137870,-0.7396477867682066,4202,-100.0,3817
>0,True,False,12,10,S,488756,-3.5705259702962096,12187,-0.5581612844742597,452294,-0.8293537608996822,12271,-100.0,12004
>0,True,False,12,1,S,91365,-3.857670221493027,2438,-0.6621970882534275,84348,-0.9073593073593066,2310,-100.0,2269
>0,True,False,13,2,S,170703,-2.7434591340588144,4319,-0.29517938711251646,157843,-0.7286621208558669,4253,-100.0,4288
>0,True,False,13,3,S,162320,-3.6889395089850634,3951,-0.2420375799573576,150080,-0.5629235237173275,4132,-100.0,4157
>0,True,False,13,4,S,166939,-3.5581783500238413,4194,-0.19715845011083763,154282,-0.5144129364893367,4267,-100.0,4196
>0,True,False,13,5,S,167387,-3.2976389220128746,4193,-0.13807139395896947,154775,-0.5377622377622381,4290,-100.0,4129
>0,True,False,13,6,S,168362,-3.3832558139534816,4300,-0.1412306544364545,155462,-0.5067459410016002,4373,-100.0,4227
>0,True,False,13,7,S,150389,-3.325453112687157,3807,-0.47230230185834465,135282,-0.6366212386992302,7411,-100.0,3889
>0,True,False,13,8,S,149551,-3.4663832048897145,3763,-0.5285071328762291,123092,-0.7302666245125866,18978,-100.0,3718
>0,True,False,13,9,S,147232,-3.9935570469798725,3725,-0.5598774907640541,136153,-0.8448467966573805,3590,-100.0,3764
>0,True,False,13,10,S,488900,-3.387901792925211,12382,-0.5566138573107291,451877,-0.9598120239831446,12342,-100.0,12299
>0,True,False,13,1,S,89996,-3.478691347395615,2323,-0.6615699111866105,72399,-0.9315522020326489,12988,-100.0,2286
>0,True,False,14,2,S,143786,-3.028304557033684,3533,-0.2965690326265009,133082,-0.7188888888888875,3600,-100.0,3571
>0,True,False,14,3,S,139694,-3.0930563460443907,3514,-0.22912714574412832,129151,-0.7583240843507215,3604,-100.0,3425
>0,True,False,14,4,S,139809,-3.6436525612472224,3592,-0.20218093574663146,129394,-0.6854766854766854,3367,-100.0,3456
>0,True,False,14,5,S,141187,-3.03125856868659,3647,-0.143757562761346,130574,-0.7081447963800906,3536,-100.0,3430
>0,True,False,14,6,S,141598,-3.3253046188722077,3529,-0.1524046611787353,130954,-0.5967123287671231,3650,-100.0,3465
>0,True,False,14,7,S,128757,-3.3782190505739993,3223,-0.47964356269177716,118955,-0.8267373013399822,3209,-100.0,3370
>0,True,False,14,8,S,124150,-2.8225957049486374,3213,-0.5339344419543447,114677,-0.8300611522368839,3107,-100.0,3153
>0,True,False,14,9,S,125805,-4.225301597652439,3067,-0.5498081984414924,116266,-0.8213859020310635,3348,-100.0,3124
>0,True,False,14,10,S,418340,-3.0871990604815096,10218,-0.5546951529985754,386899,-0.9678390069588131,10634,-100.0,10589
>0,True,False,14,1,S,77606,-2.833877995642703,1836,-0.6664135789970973,59268,-0.9705090130533878,14479,-100.0,2023
>0,True,False,15,2,S,141024,-3.0104073743681186,3363,-0.2715282927985356,130793,-0.8692263279445733,3464,-100.0,3404
>0,True,False,15,3,S,141872,-1.9349363507779367,3535,-0.2560947737315243,131260,-0.8579881656804749,3549,-100.0,3528
>0,True,False,15,4,S,140859,-2.1075238629983186,3562,-0.19573804254272612,130128,-0.8265895953757214,3633,-100.0,3536
>0,True,False,15,5,S,136837,-2.991472427515637,3518,-0.13646504121639452,126406,-0.8225440090857472,3522,-100.0,3391
>0,True,False,15,6,S,141285,-2.7765151515151536,3432,-0.14525506734817237,130887,-0.8209770114942524,3480,-100.0,3486
>0,True,False,15,7,S,121623,-2.496671105193075,3004,-0.4935279833940376,102132,-0.8717059127482129,13547,-100.0,2940
>0,True,False,15,8,S,122495,-2.693903606766679,3133,-0.5162874939258725,113185,-0.8807157057654069,3018,-100.0,3159
>0,True,False,15,9,S,122748,-2.818441971383153,3145,-0.5630540135694811,113490,-1.0220421393841155,3085,-100.0,3028
>0,True,False,15,10,S,407706,-2.8530191458026417,10185,-0.5526400356944796,376529,-1.0791333019312328,10615,-100.0,10377
>0,True,False,15,1,S,73956,-2.713395638629285,1926,-0.6636295721212326,68267,-0.9843749999999998,1920,-100.0,1843
>0,True,False,16,2,S,115946,-2.492213947190248,2954,-0.2931340329387183,107108,-1.008981001727117,2895,-100.0,2989
>0,True,False,16,3,S,116247,-2.148894024430505,3029,-0.2617954187664755,107351,-0.960964019008825,2946,-100.0,2921
>0,True,False,16,4,S,114782,-2.629123625458184,3001,-0.1918756949286706,106126,-1.0372522214627478,2926,-100.0,2729
>0,True,False,16,5,S,117342,-3.3278576317590707,2922,-0.13974788986767692,108524,-0.9782006920415228,2890,-100.0,3006
>0,True,False,16,6,S,111107,-2.7409596662030635,2876,-0.15716692473244132,102687,-0.935050798258344,2756,-100.0,2788
>0,True,False,16,7,S,101099,-1.7642883825177416,2677,-0.49707983912373827,93488,-0.9308959421454389,2489,-100.0,2445
>0,True,False,16,8,S,100996,-2.4337774294670806,2552,-0.5272236098753237,93283,-0.9293328069482825,2533,-100.0,2628
>0,True,False,16,9,S,99724,-2.301507537688442,2388,-0.5612377567825195,92296,-1.069330199764983,2553,-100.0,2487
>0,True,False,16,10,S,332925,-2.478348319924257,8452,-0.5527595239488076,307698,-1.073908310148782,8267,-100.0,8508
>0,True,False,16,1,S,62159,-1.5753424657534254,1825,-0.6448885472713284,57244,-1.1491638795986625,1495,-100.0,1595
>0,True,False,>16,2,S,287706,-2.146005137217792,7397,0.13031631635399146,265715,-1.1397379912663774,7328,-100.0,7266
>0,True,False,>16,3,S,286797,-1.9512536769855742,7139,0.15426984773718536,265068,-1.1008808147536495,7266,-100.0,7324
>0,True,False,>16,4,S,284568,-1.9170765987350784,7115,0.19573877675143586,263070,-1.111971246889691,7234,-100.0,7149
>0,True,False,>16,5,S,282373,-2.1025053686471056,6985,0.22718986190390264,259457,-1.1589588918677391,8952,-100.0,6979
>0,True,False,>16,6,S,288706,-2.1582723691615113,7108,0.2774871876155709,264978,-1.0935709739019777,9426,-100.0,7194
>0,True,False,>16,7,S,254465,-2.0819723129569114,6429,0.32184758527137974,235161,-1.058925476603118,6347,-100.0,6528
>0,True,False,>16,8,S,256827,-1.9263727764887912,6465,0.1104977261243044,237480,-1.0502136752136755,6552,-100.0,6330
>0,True,False,>16,9,S,253354,-2.284584980237148,6325,-0.10795915751698214,234070,-1.2230204830327127,6542,-100.0,6417
>0,True,False,>16,10,S,847789,-2.0822950819672,21350,-0.1708843047126822,782547,-1.2028706458953153,22852,-100.0,21040
>0,True,False,>16,1,S,155409,-1.8728879646477812,3847,-0.06903267992042164,143758,-1.1860762733555188,3907,-100.0,3897
>0,True,False,ace ace,2,?,0,,0,,0,,0,,0
>0,True,False,ace ace,3,?,0,,0,,0,,0,,0
>0,True,False,ace ace,4,?,0,,0,,0,,0,,0
>0,True,False,ace ace,5,?,0,,0,,0,,0,,0
>0,True,False,ace ace,6,?,0,,0,,0,,0,,0
>0,True,False,ace ace,7,?,0,,0,,0,,0,,0
>0,True,False,ace ace,8,?,0,,0,,0,,0,,0
>0,True,False,ace ace,9,?,0,,0,,0,,0,,0
>0,True,False,ace ace,10,?,0,,0,,0,,0,,0
>0,True,False,ace ace,1,?,0,,0,,0,,0,,0
>0,True,False,two two,2,?,0,,0,,0,,0,,0
>0,True,False,two two,3,?,0,,0,,0,,0,,0
>0,True,False,two two,4,?,0,,0,,0,,0,,0
>0,True,False,two two,5,?,0,,0,,0,,0,,0
>0,True,False,two two,6,?,0,,0,,0,,0,,0
>0,True,False,two two,7,?,0,,0,,0,,0,,0
>0,True,False,two two,8,?,0,,0,,0,,0,,0
>0,True,False,two two,9,?,0,,0,,0,,0,,0
>0,True,False,two two,10,?,0,,0,,0,,0,,0
>0,True,False,two two,1,?,0,,0,,0,,0,,0
>0,True,False,three three,2,?,0,,0,,0,,0,,0
>0,True,False,three three,3,?,0,,0,,0,,0,,0
>0,True,False,three three,4,?,0,,0,,0,,0,,0
>0,True,False,three three,5,?,0,,0,,0,,0,,0
>0,True,False,three three,6,?,0,,0,,0,,0,,0
>0,True,False,three three,7,?,0,,0,,0,,0,,0
>0,True,False,three three,8,?,0,,0,,0,,0,,0
>0,True,False,three three,9,?,0,,0,,0,,0,,0
>0,True,False,three three,10,?,0,,0,,0,,0,,0
>0,True,False,three three,1,?,0,,0,,0,,0,,0
>0,True,False,five five,2,?,0,,0,,0,,0,,0
>0,True,False,five five,3,?,0,,0,,0,,0,,0
>0,True,False,five five,4,?,0,,0,,0,,0,,0
>0,True,False,five five,5,?,0,,0,,0,,0,,0
>0,True,False,five five,6,?,0,,0,,0,,0,,0
>0,True,False,five five,7,?,0,,0,,0,,0,,0
>0,True,False,five five,8,?,0,,0,,0,,0,,0
>0,True,False,five five,9,?,0,,0,,0,,0,,0
>0,True,False,five five,10,?,0,,0,,0,,0,,0
>0,True,False,five five,1,?,0,,0,,0,,0,,0
>0,True,False,six six,2,?,0,,0,,0,,0,,0
>0,True,False,six six,3,?,0,,0,,0,,0,,0
>0,True,False,six six,4,?,0,,0,,0,,0,,0
>0,True,False,six six,5,?,0,,0,,0,,0,,0
>0,True,False,six six,6,?,0,,0,,0,,0,,0
>0,True,False,six six,7,?,0,,0,,0,,0,,0
>0,True,False,six six,8,?,0,,0,,0,,0,,0
>0,True,False,six six,9,?,0,,0,,0,,0,,0
>0,True,False,six six,10,?,0,,0,,0,,0,,0
>0,True,False,six six,1,?,0,,0,,0,,0,,0
>0,True,False,seven seven,2,?,0,,0,,0,,0,,0
>0,True,False,seven seven,3,?,0,,0,,0,,0,,0
>0,True,False,seven seven,4,?,0,,0,,0,,0,,0
>0,True,False,seven seven,5,?,0,,0,,0,,0,,0
>0,True,False,seven seven,6,?,0,,0,,0,,0,,0
>0,True,False,seven seven,7,?,0,,0,,0,,0,,0
>0,True,False,seven seven,8,?,0,,0,,0,,0,,0
>0,True,False,seven seven,9,?,0,,0,,0,,0,,0
>0,True,False,seven seven,10,?,0,,0,,0,,0,,0
>0,True,False,seven seven,1,?,0,,0,,0,,0,,0
>0,True,False,eight eight,2,?,0,,0,,0,,0,,0
>0,True,False,eight eight,3,?,0,,0,,0,,0,,0
>0,True,False,eight eight,4,?,0,,0,,0,,0,,0
>0,True,False,eight eight,5,?,0,,0,,0,,0,,0
>0,True,False,eight eight,6,?,0,,0,,0,,0,,0
>0,True,False,eight eight,7,?,0,,0,,0,,0,,0
>0,True,False,eight eight,8,?,0,,0,,0,,0,,0
>0,True,False,eight eight,9,?,0,,0,,0,,0,,0
>0,True,False,eight eight,10,?,0,,0,,0,,0,,0
>0,True,False,eight eight,1,?,0,,0,,0,,0,,0
>0,True,False,nine nine,2,?,0,,0,,0,,0,,0
>0,True,False,nine nine,3,?,0,,0,,0,,0,,0
>0,True,False,nine nine,4,?,0,,0,,0,,0,,0
>0,True,False,nine nine,5,?,0,,0,,0,,0,,0
>0,True,False,nine nine,6,?,0,,0,,0,,0,,0
>0,True,False,nine nine,7,?,0,,0,,0,,0,,0
>0,True,False,nine nine,8,?,0,,0,,0,,0,,0
>0,True,False,nine nine,9,?,0,,0,,0,,0,,0
>0,True,False,nine nine,10,?,0,,0,,0,,0,,0
>0,True,False,nine nine,1,?,0,,0,,0,,0,,0
>0,True,False,ten ten,2,?,0,,0,,0,,0,,0
>0,True,False,ten ten,3,?,0,,0,,0,,0,,0
>0,True,False,ten ten,4,?,0,,0,,0,,0,,0
>0,True,False,ten ten,5,D,4,-1.0,1,-4.0,1,5.0,1,-100.0,1
>0,True,False,ten ten,6,?,1,,0,,0,-2.0,1,,0
>0,True,False,ten ten,7,?,0,,0,,0,,0,,0
>0,True,False,ten ten,8,?,0,,0,,0,,0,,0
>0,True,False,ten ten,9,?,1,,0,,0,,0,-100.0,1
>0,True,False,ten ten,10,?,0,,0,,0,,0,,0
>0,True,False,ten ten,1,?,0,,0,,0,,0,,0
>0,True,False,ace two,2,D,22752,-5.807692307692317,624,-0.3123989840683427,12993,-0.07464070468242924,8628,-100.0,507
>0,True,False,ace two,3,D,23576,-5.285714285714286,609,-0.24916387959866212,598,0.057995028997514374,21726,-100.0,643
>0,True,False,ace two,4,D,23155,-5.947368421052629,513,-0.23388305847076474,667,0.07402378499859542,21358,-100.0,617
>0,True,False,ace two,5,D,22874,-6.552066115702483,605,-0.24097560975609755,3075,0.16869995163110646,18607,-100.0,587
>0,True,False,ace two,6,D,23042,-6.476764199655767,581,-0.05947441217150761,723,0.2030423280423279,21168,-100.0,570
>0,True,False,ace two,7,D,20049,-6.835664335664332,572,-0.4871794871794872,663,-0.14075447012647235,18344,-100.0,470
>0,True,False,ace two,8,D,20478,-6.986301369863011,511,-0.5241190557646254,2923,-0.4050151057401817,16550,-100.0,494
>0,True,False,ace two,9,D,20604,-6.950998185117975,551,-0.7197346600331682,603,-0.4154739899656728,18935,-100.0,515
>0,True,False,ace two,10,D,66075,-5.74175482265089,1607,-0.6174461376773517,1903,-0.5274128741287415,60975,-100.0,1590
>0,True,False,ace two,1,D,11709,-7.365187713310575,293,-0.6705882352941174,1190,-0.5630892678034116,9970,-100.0,256
>0,True,False,ace three,2,D,22812,-3.607382550335566,596,-0.28025477707006363,628,-0.09900424031635567,20989,-100.0,599
>0,True,False,ace three,3,D,22741,-6.082352941176472,510,-0.1647058823529411,595,0.004227827656643349,21051,-100.0,585
>0,True,False,ace three,4,D,22699,-3.8820326678765835,551,-0.14234875444839867,562,0.06733701868090052,20984,-100.0,602
>0,True,False,ace three,5,D,23487,-5.011437908496728,612,-0.10992529348986126,937,0.13802632195213285,21351,-100.0,587
>0,True,False,ace three,6,D,23405,-4.668269230769233,624,-0.16462346760070035,571,0.20762829403606095,21630,-100.0,580
>0,True,False,ace three,7,D,19663,-6.6449136276391565,521,-0.4078586658544009,3283,-0.1528429838288987,15336,-100.0,523
>0,True,False,ace three,8,D,20349,-6.352140077821017,514,-0.5333850931677026,1288,-0.38548539114043495,18037,-100.0,510
>0,True,False,ace three,9,D,19746,-4.817787418655097,461,-0.5976562500000004,512,-0.49912443909379756,18274,-100.0,499
>0,True,False,ace three,10,D,68458,-4.718834322719909,1853,-0.5820834570834587,26936,-0.5541397920231733,37985,-100.0,1684
>0,True,False,ace three,1,S,12033,-7.50680272108844,294,-0.6980525281400729,11194,-0.9354838709677412,248,-100.0,297
>0,True,False,ace four,2,D,23200,-5.773553719008262,605,-0.24923547400611606,654,-0.11383143379766454,21321,-100.0,620
>0,True,False,ace four,3,D,22961,-5.50263620386643,569,-0.21788413098236767,794,-0.005852962169878618,21015,-100.0,583
>0,True,False,ace four,4,D,20984,-5.305243445692888,534,-0.21362799263351737,543,0.00077224052718286,19424,-100.0,483
>0,True,False,ace four,5,D,22852,-4.584139264990335,517,-0.12411347517730495,564,0.18603771801294977,21157,-100.0,614
>0,True,False,ace four,6,D,22672,-5.687272727272734,550,-0.20486111111111086,576,0.249178297527746,20993,-100.0,553
>0,True,False,ace four,7,D,19734,-5.326530612244894,539,-0.4218455743879471,531,-0.18322417304199465,18169,-100.0,495
>0,True,False,ace four,8,D,20458,-4.379047619047614,525,-0.360955056179775,1424,-0.30105790645879565,17960,-100.0,549
>0,True,False,ace four,9,D,19946,-5.991820040899799,489,-0.5207685269899367,5465,-0.5113148942464154,13522,-100.0,470
>0,True,False,ace four,10,S,67946,-5.672853828306267,1724,-0.555396165064799,62739,-0.6342165898617521,1736,-100.0,1747
>0,True,False,ace four,1,S,10954,-4.007633587786259,262,-0.6454594304137556,9305,-0.6989247311827952,1116,-100.0,271
>0,True,False,ace five,2,D,23053,-3.9004815409309788,623,-0.25174825174825166,572,-0.06004878964158363,21316,-100.0,542
>0,True,False,ace five,3,D,23338,-4.8074433656957885,618,-0.35180863477246144,3428,-0.04832236314015107,18687,-100.0,605
>0,True,False,ace five,4,D,23411,-3.6666666666666634,546,-0.2830746489283076,1353,0.062134992819531276,20890,-100.0,622
>0,True,False,ace five,5,D,22049,-4.418402777777771,576,-0.136310223266745,851,0.1910067449412933,20015,-100.0,607
>0,True,False,ace five,6,D,23824,-6.24040066777963,599,-0.17727272727272747,880,0.19019337016574545,21720,-100.0,625
>0,True,False,ace five,7,D,21231,-3.0468750000000013,512,-0.47715053763440823,744,-0.2091957573885288,19422,-100.0,553
>0,True,False,ace five,8,D,20600,-7.665995975855133,497,-0.5514849338825071,4613,-0.27238631036099153,14931,-100.0,559
>0,True,False,ace five,9,D,19967,-5.596421471172965,503,-0.5431504465839243,17242,-0.4645161290322576,1705,-100.0,517
>0,True,False,ace five,10,D,66375,-5.287621359223291,1648,-0.5944309927360786,1652,-0.5720487099029385,61507,-100.0,1568
>0,True,False,ace five,1,S,12011,-6.619496855345916,318,-0.6489401264410561,5378,-0.6809988424011909,6047,-100.0,268
>0,True,False,ace six,2,D,23137,-3.6718446601941714,515,-0.13402229636259982,12289,-0.008825944170771774,9744,-100.0,589
>0,True,False,ace six,3,D,23558,-5.141287284144429,637,-0.10308632304558975,6383,0.11070597850003118,15907,-100.0,631
>0,True,False,ace six,4,D,22815,-5.16917293233083,532,-0.05839416058394162,548,0.15218931557319007,21171,-100.0,564
>0,True,False,ace six,5,D,23010,-3.517543859649124,570,-0.08626198083067085,939,0.10904395236501077,20909,-100.0,592
>0,True,False,ace six,6,D,21539,-5.934397163120566,564,-0.02728306176582039,2639,0.24516853932584298,17800,-100.0,536
>0,True,False,ace six,7,D,19543,-7.0939226519337035,543,-0.1666666666666668,534,0.024943058718960118,18001,-100.0,465
>0,True,False,ace six,8,D,19766,-4.943089430894314,492,-0.3865546218487394,476,-0.19979154095123103,18229,-100.0,569
>0,True,False,ace six,9,S,19959,-6.645161290322586,527,-0.42227881020751246,18457,-0.5551181102362206,508,-100.0,467
>0,True,False,ace six,10,S,67078,-5.583128078817743,1624,-0.4361514030319877,61082,-0.46201074443591644,2606,-100.0,1766
>0,True,False,ace six,1,S,11757,-4.946808510638296,282,-0.46162402669632857,10788,-0.8230958230958234,407,-100.0,280
>0,True,False,ace seven,2,D,21030,-7.312384473197776,541,0.02768166089965399,578,0.18586077188643246,19407,-100.0,504
>0,True,False,ace seven,3,D,19906,-5.041749502982108,503,0.1933962264150946,636,0.20928196147110428,18272,-100.0,495
>0,True,False,ace seven,4,D,19184,-5.609803921568632,510,0.14563106796116512,824,0.264973508408203,17364,-100.0,486
>0,True,False,ace seven,5,D,20522,-5.035447761194028,536,0.14422057264050908,943,0.35115162630131036,18539,-100.0,504
>0,True,False,ace seven,6,D,20066,-4.295275590551178,508,0.07735583684950759,711,0.45591678919566736,18363,-100.0,484
>0,True,False,ace seven,7,S,17074,-5.346062052505971,419,0.37431122933688155,15789,0.07603686635944698,434,-100.0,432
>0,True,False,ace seven,8,S,17617,-6.067039106145253,537,0.13246535069298532,11905,0.0965430016863406,4744,-100.0,431
>0,True,False,ace seven,9,S,19386,-5.1262729124236275,491,-0.19932546374367577,17790,-0.4698996655518392,598,-100.0,507
>0,True,False,ace seven,10,S,62320,-6.451309603760908,1489,-0.19351319526217367,57748,-0.3412749517063747,1553,-100.0,1530
>0,True,False,ace seven,1,S,10577,-5.526315789473686,285,-0.10103092783505109,9700,-0.4456824512534818,359,-100.0,233
>0,True,False,ace eight,2,S,20222,-4.641821946169769,483,0.3912949795302736,18564,0.1861471861471862,693,-100.0,482
>0,True,False,ace eight,3,D,20532,-4.866125760649087,493,0.2507692307692307,650,0.4026579128501086,18887,-100.0,502
>0,True,False,ace eight,4,S,20509,-7.773408239700369,534,0.39878306878306813,18900,0.3603773584905661,530,-100.0,545
>0,True,False,ace eight,5,S,19689,-4.630597014925372,536,0.44870877154341743,18161,0.400801603206413,499,-100.0,493
>0,True,False,ace eight,6,D,20470,-4.768786127167636,519,0.48261758691206535,489,0.5377929944693174,18985,-100.0,477
>0,True,False,ace eight,7,S,17805,-4.19634703196347,438,0.6426143949508432,16478,0.4309523809523807,420,-100.0,469
>0,True,False,ace eight,8,S,17631,-4.5956043956043935,455,0.6088257292445735,16044,0.21609538002980622,671,-100.0,461
>0,True,False,ace eight,9,S,17768,-7.267990074441682,403,0.2577313324017248,16459,-0.17558886509635965,467,-100.0,439
>0,True,False,ace eight,10,S,60200,-6.692360163710776,1466,0.031447217441193415,55776,-0.15017543859649146,1425,-100.0,1533
>0,True,False,ace eight,1,S,10586,-4.671874999999998,256,0.2560901339829473,9852,-0.2723214285714285,224,-100.0,254
>0,True,True,four four,2,S,12251,-3.0894039735099352,302,-0.35750466542255444,11253,-0.4005037783375311,397,-6.043478260869565,299
>0,True,True,four four,3,D,12785,-4.420245398773002,326,-0.23611111111111108,360,-0.019589472787667143,11741,-5.7486033519553095,358
>0,True,True,four four,4,S,11370,-4.9472049689441056,322,-0.1293078621484111,10417,-0.20433436532507743,323,-5.633116883116882,308
>0,True,True,four four,5,D,13229,-8.016172506738542,371,-0.215568862275449,334,0.09374485596707817,12150,-5.826203208556149,374
>0,True,True,four four,6,D,12460,-3.231454005934718,337,-0.12023460410557188,341,0.10937226787899974,11438,-4.584302325581394,344
>0,True,True,four four,7,D,11983,-2.6904761904761934,336,-0.5634674922600618,323,-0.07802706876192207,11009,-5.288888888888889,315
>0,True,True,four four,8,S,11640,-5.309999999999996,300,-0.523098460102661,10715,-0.9015384615384612,325,-7.639999999999999,300
>0,True,True,four four,9,S,12607,-7.19705882352941,340,-0.5588465213237198,11513,-0.622119815668203,434,-7.768749999999998,320
>0,True,True,four four,10,S,41220,-6.135790494665364,1031,-0.5539692953680576,38105,-0.6858237547892729,1044,-5.954807692307695,1040
>0,True,True,four four,1,S,7281,-2.664835164835164,182,-0.6749150897622493,4122,-0.8600071607590394,2793,-7.478260869565215,184
>0,True,True,ace ace,2,S,9129,-6.588435374149657,294,-0.2555250268785086,8371,-0.4635193133047213,233,-5.225108225108228,231
>0,True,True,ace ace,3,D,9051,-4.32888888888889,225,-0.12903225806451607,1178,0.02624065261726712,7355,-2.6655290102389104,293
>0,True,True,ace ace,4,D,8555,-5.515463917525775,194,-0.09795918367346952,490,-0.015684224284407078,7651,-5.43181818181818,220
>0,True,True,ace ace,5,D,8583,-6.254310344827583,232,-0.10992907801418444,564,0.22566196812014266,7591,-4.40816326530612,196
>0,True,True,ace ace,6,D,8945,-8.624390243902432,205,-0.1428571428571428,266,0.10009671179883949,8272,-7.985148514851487,202
>0,True,True,ace ace,7,D,8208,-4.177570093457946,214,-0.45308310991957096,373,-0.15167095115681228,7391,-2.9478260869565203,230
>0,True,True,ace ace,8,D,7414,-6.059459459459459,185,-0.4940750493745881,3038,-0.3465568862275446,4008,-6.950819672131148,183
>0,True,True,ace ace,9,S,7582,-4.44651162790698,215,-0.49654278305963545,6942,-0.5065502183406112,229,-3.2551020408163263,196
>0,True,True,ace ace,10,S,26550,-7.598784194528874,658,-0.5439511850017659,22616,-0.5572403335860481,2638,-3.920062695924764,638
>0,True,True,ace ace,1,D,4412,-10.876106194690266,113,-0.7560214094558425,2242,-0.5797546012269947,1956,-3.702970297029704,101
>0,True,True,two two,2,S,12490,-5.936708860759494,316,-0.25461222348518026,11437,-0.6918767507002802,357,-5.584210526315794,380
>0,True,True,two two,3,S,13267,-6.083102493074793,361,-0.16781214203894662,12222,-0.4395604395604395,364,-6.903124999999999,320
>0,True,True,two two,4,S,13020,-4.244956772334295,347,-0.21488426117979018,12053,-0.33231707317073184,328,-4.106164383561645,292
>0,True,True,two two,5,S,12436,-3.9534883720930227,344,-0.11782768906825791,11398,-0.22222222222222227,360,-4.0299401197604805,334
>0,True,True,two two,6,S,12973,-6.667621776504299,349,-0.14599793885262813,5822,-0.24845105328376713,6456,-5.210982658959539,346
>0,True,True,two two,7,S,11520,-6.9889298892988965,271,-0.4981297924069593,10694,-0.8592057761732853,277,-4.140287769784177,278
>0,True,True,two two,8,S,12587,-6.233226837060699,313,-0.5067971252922332,11549,-1.0029069767441858,344,-4.1548556430446215,381
>0,True,True,two two,9,S,12227,-6.140983606557373,305,-0.5289963809691931,11329,-1.1011235955056178,267,-5.4969325153374236,326
>0,True,True,two two,10,S,40989,-6.906666666666663,1050,-0.5695985208663477,37860,-1.1241379310344806,1015,-6.259398496240601,1064
>0,True,True,two two,1,S,7804,-5.443243243243243,185,-0.6482586374358272,7207,-1.3773584905660383,212,-7.59,200
>0,True,True,three three,2,S,13145,-6.281150159744408,313,-0.2931375783569764,12124,-0.4585635359116021,362,-6.962427745664739,346
>0,True,True,three three,3,S,11612,-5.048859934853422,307,-0.22900121461272532,10703,-0.2744479495268141,317,-7.049122807017545,285
>0,True,True,three three,4,S,13191,-6.266211604095564,293,-0.1859796186719262,12168,-0.38315217391304357,368,-3.179558011049726,362
>0,True,True,three three,5,S,12626,-4.811258278145698,302,-0.13348745611781854,11679,-0.24281150159744416,313,-5.373493975903615,332
>0,True,True,three three,6,S,13477,-7.475504322766566,347,-0.15521546516310797,12415,-0.25214899713467026,349,-4.781420765027327,366
>0,True,True,three three,7,S,12059,-4.074303405572756,323,-0.47257687466282866,11122,-0.6713780918727915,283,-5.525679758308159,331
>0,True,True,three three,8,S,12255,-10.29411764705884,306,-0.5500221533008396,11285,-1.2506887052341586,363,-6.458471760797342,301
>0,True,True,three three,9,S,12017,-8.006802721088436,294,-0.5872730541074987,11126,-1.2413793103448272,319,-6.823741007194247,278
>0,True,True,three three,10,S,40624,-6.024485798237024,1021,-0.6018685635417823,37676,-1.0051124744376279,978,-6.263435194942042,949
>0,True,True,three three,1,S,7327,-7.783132530120479,166,-0.6507703595011004,6815,-1.4374999999999998,176,-4.923529411764702,170
>0,True,True,five five,2,D,12704,-4.857615894039737,302,-0.11894273127753315,454,0.4823327615780421,11660,-7.197916666666666,288
>0,True,True,five five,3,D,12689,-6.85759493670886,316,-0.13725490196078438,357,0.47385509227614414,11704,-6.480769230769231,312
>0,True,True,five five,4,D,13064,-6.454258675078869,317,-0.2316715542521994,341,0.4983438224577694,12076,-3.91818181818182,330
>0,True,True,five five,5,D,12008,-4.116465863453817,249,-0.18380062305295955,321,0.6200287925139463,11114,-7.030864197530863,324
>0,True,True,five five,6,D,13352,-6.1277173913043494,368,-0.09687500000000013,320,0.5592904584480807,12346,-4.977987421383647,318
>0,True,True,five five,7,D,11776,-5.7073170731707314,287,-0.5897435897435902,273,0.40504247739106713,10947,-6.702602230483273,269
>0,True,True,five five,8,D,11273,-5.9119496855345925,318,-0.4457831325301204,332,0.3959764000386885,10339,-5.887323943661974,284
>0,True,True,five five,9,D,11635,-9.240924092409246,303,-0.4820143884892087,278,0.2479315794366472,10757,-4.2255892255892284,297
>0,True,True,five five,10,D,40555,-5.524448705656759,1043,-0.6307385229540909,1002,-0.0030933333333332926,37500,-6.611881188118813,1010
>0,True,True,five five,1,D,7269,-7.0426540284360195,211,-0.6995305164319249,213,0.08434821831303543,6651,-5.70103092783505,194
>0,True,True,six six,2,S,12752,-2.3549488054607526,293,-0.2737120436711032,11724,-0.7226277372262775,411,-6.762345679012341,324
>0,True,True,six six,3,S,12942,-2.345930232558139,344,-0.2327190861335783,11993,-0.5017793594306045,281,-6.679012345679015,324
>0,True,True,six six,4,S,12865,-6.902821316614418,319,-0.18607786954323272,11866,-0.42469879518072284,332,-5.517241379310347,348
>0,True,True,six six,5,S,13027,-2.9562289562289568,297,-0.12187267773098784,12111,-0.5626911314984707,327,-4.380136986301372,292
>0,True,True,six six,6,S,11564,-3.9125475285171087,263,-0.1451795841209834,10580,-0.23557692307692316,416,-5.062295081967214,305
>0,True,True,six six,7,D,11859,-5.181818181818181,286,-0.4602169981916816,1106,-0.45736816165598865,10145,-2.826086956521738,322
>0,True,True,six six,8,D,12254,-2.898089171974521,314,-0.5365853658536588,328,-0.4970187772537142,11237,-7.829333333333331,375
>0,True,True,six six,9,S,11650,-3.8556338028169015,284,-0.5460940392447239,10804,-0.7725631768953072,277,-3.54736842105263,285
>0,True,True,six six,10,S,40755,-3.56645279560037,1091,-0.5623732792658237,37484,-0.8757819481680066,1119,-5.643732327992466,1061
>0,True,True,six six,1,S,7437,-4.232432432432434,185,-0.6748439541297714,6889,-0.8934010152284265,197,-3.3674698795180733,166
>0,True,True,seven seven,2,S,11126,-2.853046594982076,279,-0.30400467699503086,10263,-0.8,280,-9.414473684210527,304
>0,True,True,seven seven,3,S,10912,-1.6170212765957448,376,-0.24520927887039862,7932,-0.47298456260720406,2332,-6.8235294117647065,272
>0,True,True,seven seven,4,S,10859,-3.27037037037037,270,-0.18455406078724412,10035,-0.6059602649006626,302,-4.563492063492064,252
>0,True,True,seven seven,5,S,10799,-2.7972027972027997,286,-0.1025950512975259,9942,-0.9180327868852455,305,-6.567669172932334,266
>0,True,True,seven seven,6,S,10859,-3.730639730639732,297,-0.14264309259814212,10011,-0.6561264822134386,253,-4.593959731543622,298
>0,True,True,seven seven,7,S,8737,-5.579545454545458,264,-0.4600882470918587,7479,-0.595208070617907,793,-4.875621890547264,201
>0,True,True,seven seven,8,S,9940,-2.3783783783783803,296,-0.5071303203159306,9116,-0.9581749049429656,263,-3.637735849056602,265
>0,True,True,seven seven,9,S,9530,-1.9253246753246758,308,-0.5831686620946186,8603,-0.6742424242424243,396,-8.2152466367713,223
>0,True,True,seven seven,10,S,32101,-3.308470290771174,791,-0.5608884694462224,29669,-1.1609058402860541,839,-6.4364089775561055,802
>0,True,True,seven seven,1,S,5825,-5.231292517006803,147,-0.6375739644970428,5408,-0.8951048951048948,143,-3.0944881889763787,127
>0,True,True,eight eight,2,S,11337,-4.020408163265309,392,-0.25743341404358433,10325,-0.9093655589123864,331,-6.695501730103812,289
>0,True,True,eight eight,3,S,11407,-1.7799999999999983,300,-0.1990881458966569,10528,-0.6641221374045805,262,-3.3690851735015768,317
>0,True,True,eight eight,4,S,11234,-2.3636363636363638,308,-0.18418874172185357,9664,-0.5643363728470104,987,-4.803636363636364,275
>0,True,True,eight eight,5,S,11095,-1.9436619718309867,284,-0.09709398386626489,10289,-0.9961089494163426,257,-2.4113207547169804,265
>0,True,True,eight eight,6,S,11568,-3.6193771626297577,289,-0.1283467515446555,10682,-0.9937304075235106,319,-3.3237410071942444,278
>0,True,True,eight eight,7,S,10145,-2.8749999999999996,280,-0.4694468267581479,9328,-0.9411764705882352,272,-4.181132075471702,265
>0,True,True,eight eight,8,S,8740,-0.6788511749347258,383,-0.499175649968295,7885,-0.8739130434782609,230,-4.3140495867768545,242
>0,True,True,eight eight,9,S,9785,-3.3333333333333335,222,-0.5530880565683353,9051,-1.0547945205479443,219,-4.034129692832769,293
>0,True,True,eight eight,10,S,33127,-2.4622057001239175,807,-0.5213092285602344,30644,-1.0916380297823578,873,-5.195516811955179,803
>0,True,True,eight eight,1,S,5736,-2.06701030927835,194,-0.6529758509222277,5259,-1.1328124999999996,128,-4.425806451612902,155
>0,True,True,nine nine,2,S,10252,-2.8115942028985503,276,0.11244220260613719,9516,-1.1132812499999996,256,-4.607843137254904,204
>0,True,True,nine nine,3,S,11121,-1.8185185185185175,270,0.13467882786726199,10306,-1.0675675675675667,296,-6.522088353413655,249
>0,True,True,nine nine,4,S,11200,-1.9964539007092175,282,0.19156940291308905,10367,-1.3178294573643408,258,-3.126279863481229,293
>0,True,True,nine nine,5,S,10658,-3.014285714285714,280,0.16952072145100744,9869,-1.2267657992565058,269,-6.8083333333333345,240
>0,True,True,nine nine,6,S,10854,-3.0813008130081303,246,0.3204987531172082,10025,-1.1319444444444446,288,-4.715254237288135,295
>0,True,True,nine nine,7,S,9960,-1.5,240,0.4267044216946199,9182,-1.101626016260163,246,-8.25,292
>0,True,True,nine nine,8,S,9577,-1.1608695652173906,230,0.09567172568858931,8895,-1.1300448430493277,223,-2.3493449781659383,229
>0,True,True,nine nine,9,S,9031,-1.7117117117117113,222,-0.12817745803357297,8340,-1.2314814814814816,216,-2.3280632411067206,253
>0,True,True,nine nine,10,S,30865,-2.5270805812417425,757,-0.18258348470029306,28628,-1.3751651254953756,757,-5.056708160442592,723
>0,True,True,nine nine,1,S,5886,-2.710344827586206,145,-0.11492564714521768,5447,-1.3187500000000005,160,-3.8432835820895517,134
>0,True,True,ten ten,2,S,146542,-1.2732636095467904,3729,0.6367521998464525,135464,-1.6729643427354965,3758,-3.8529657477025943,3591
>0,True,True,ten ten,3,S,146995,-1.2423830250272059,3676,0.6323644123923975,135890,-1.688140161725066,3710,-3.537510083355743,3719
>0,True,True,ten ten,4,S,144465,-1.4327485380116918,3591,0.6518296789643002,133630,-1.6413793103448255,3770,-3.73114565342544,3474
>0,True,True,ten ten,5,S,144662,-1.4816269284712515,3565,0.6644961866912076,133611,-1.6742505353319084,3736,-3.249066666666672,3750
>0,True,True,ten ten,6,S,144903,-1.248595505617983,3560,0.7011492539538147,134174,-1.6631695196024285,3622,-3.451367352692424,3547
>0,True,True,ten ten,7,S,131100,-1.250766400980988,3262,0.7637936865374947,121233,-1.6575793888556072,3338,-3.11111111111111,3267
>0,True,True,ten ten,8,S,131192,-1.0825313502478833,3429,0.7849150948066755,121194,-1.75924784217016,3244,-3.3163909774436053,3325
>0,True,True,ten ten,9,S,131355,-1.4337065409546264,3394,0.7528619584119803,121333,-1.7653309046751668,3294,-3.444211157768454,3334
>0,True,True,ten ten,10,S,429224,-1.262824690438511,10741,0.538995485753576,397187,-1.6737608513021556,10713,-3.668052537087781,10583
>0,True,True,ten ten,1,S,80325,-1.5099466278505569,2061,0.6417118778691837,74281,-1.7254509018036077,1996,-3.817312531454453,1987
